article_id,par_index,group,text_block_en,step2_1_label,final_label,agreement,run_1,explanation_1,run_2,explanation_2,run_3,explanation_3,run_4,explanation_4,run_5,explanation_5
6327129a3dd49b919c16d336,3,ISLMST,"Doch dieser Anschlag ist gefühlt anders als die vorherigen, da er in der liberalen und hedonistischen israelischen Mittelmeermetropole stattfand. Tel Aviv ist das lebensfrohe Herz Israels, das Zentrum des kleinen Landes. Ein Anschlag mitten in dieser Stadt gibt allen [Andere Gruppe] ein besonders starkes Gefühl der Verletzlichkeit. Und er macht deutlich, wie schnell die vermeintliche Sicherheit verloren gehen kann – trotz einer starken Armee, trotz exzellenter Geheimdienste, trotz verschiedener Spezialkräfte im Kampf gegen den Terror.

Es ist Ramadan, der muslimische Fastenmonat. Schon vor Wochen bereiteten sich die israelischen Sicherheitsorgane für genau das vor, was nun eingetreten ist: eine Terrorwelle in Zeiten religiöser Feierlichkeiten. An vielen Orten im Westjordanland feierten Palästinenser gestern das Attentat. [Gruppe 1] wie die Hamas in Gaza oder der Islamische Jihad bezeichneten den Anschlag als »heroische Operation« und als »Widerstand gegen die verbrecherische Besatzung«. Sie übernahmen aber keine direkte Verantwortung, da der Attentäter zu den Al-Aqsa-Märtyrer-Brigaden gehörte, dem militärischen Arm der Fatah-Organisation von Palästinenserpräsident Mahmud Abbas.

Höchste Alarmstufe bei den israelischen Sicherheitskräften",CRIME_FRAME_NEG,NO_CRIME_FRAME,0.6,CRIME_FRAME_NEG,"**Label: CRIME_FRAME_NEG**
**Explanation:** Der Absatz verknüpft explizit **[Gruppe 1]** (Hamas, Islamischer Jihad, Al-Aqsa-Märtyrer-Brigaden) mit dem Terroranschlag als Täter*innen, der als „heroische Operation“ und „Widerstand“ legitimiert wird, sowie mit einer Sicherheitsbedrohung („Terrorwelle“) für Israel.",NO_CRIME_FRAME,"Der Absatz verknüpft zwar die [Gruppe 1] mit Terrorismus und Gewalt (z. B. Hamas, islamischer Jihad, Al-Aqsa-Märtyrer-Brigaden), **jedoch wird keine direkte Täterschaft der genannten Gruppen für den Anschlag explizit behauptet** (respektive als Fatah-nahe Gruppe *ausdrücklich* nicht auf sie projiziert), sondern lediglich ihre ideologische Unterstützung oder *symbolische* Billigung – zudem erfolgt die Erwähnung von [Andere Gruppe] als *Opfer* der Gewalt.",NO_CRIME_FRAME,"Der Absatz verknüpft zwar die **„Andere Gruppe“** (Israelis) mit einem Terroranschlag als Opfer von Gewalt, während **[Gruppe 1]** (palästinensische Gruppen wie Hamas, Islamischer Jihad, Al-Aqsa-Märtyrer-Brigaden) als mögliche Täter oder Unterstützer erwähnt wird – *aber nur diese spezifischen Akteure werden explizit mit Terrorismus verknüpft*, nicht die Gruppe als Ganzes (z. B. „Palästinenser“ oder „Muslime“ generell). Die **[Gruppe 1]** wird nicht pauschal als kriminell oder bedrohlich dargestellt, sondern selektiv deren *militante Arme* und nur im Kontext dieses Einzelereignisses.",CRIME_FRAME_NEG,"Der Text verknüpft **Gruppe 1** (z. B. Hamas, Islamischer Jihad oder Al-Aqsa-Märtyrer-Brigaden) explizit mit einem **Terroranschlag** als „heroische Operation“ und „Widerstand“, was sie als aktive Akteure einer Sicherheitsbedrohung darstellt.",NO_CRIME_FRAME,"Der Text verknüpft zwar die Gruppe **[Andere Gruppe]** mit einem Terroranschlag durch einen Einzelnen, der nicht explizit als Mitglied der Gruppe identifiziert wird, und erwähnt auch palästinensische Gruppen als Kommentatoren des Anschlags, aber die Gruppe selbst wird nicht als *Täter* oder *Verantwortliche* für die Kriminalität dargestellt. Stattdessen wird die Situation als Ergebnis eines geopolitischen Konflikts und militärischen Terrorismus (nicht innerstaatlicher Kriminalität) beschrieben."
632712853dd49b919c0df2ad,25,REFUG,"Erst kurz vor der deutschen Grenze sei ihm aufgefallen, dass im Laderaum viele Menschen waren. Sie hatten verzweifelt um Hilfe geschrien und mit den Fäusten gegen die Innenwände gehämmert. Sie hatten Durst, außerdem war ihnen sehr kalt. Thaer Farouk Al J. sagte vor Gericht, er habe sich nicht getraut, die Menschen aus dem Auto zu schmeißen, denn sie hätten darauf bestanden, dass er sie „nach Deutschland“ bringe. Sie seien „wütend“ gewesen und wollten ihren Traum „kurz vorm Ziel“ nicht aufgeben. Deshalb sei er weitergefahren.

Auch sein mutmaßlicher Mittäter Nayef Ahmad A. erklärte, er sei von unbekannten Männern zur Schleusung „gezwungen“ worden. So habe er in dem BMW kurzzeitig vier oder fünf [Gruppe 1] mitgenommen, sie aber noch in [Andere Gruppe] wieder ausgeladen. Fakt ist: Bundespolizisten fanden bei dem Verdächtigen 2590 Euro Bargeld. Die Ermittler glauben, dass es sich um den Schleuserlohn handelt. Nayef Ahmad A. bestreitet das. Er habe das Geld aus Dänemark mitgebracht, lautete seine wenig schlüssige Erklärung.

""Wenig glaubhaft"": Staatsanwältin zweifelt Aussagen an",CRIME_FRAME_NEG,CRIME_FRAME_NEG,0.8,CRIME_FRAME_NEG,"Der Absatz verbindet explizit die **[Gruppe 1]** mit **Schmuggel und Schleusung als Straftaten** (z. B. „Fakt ist: Bundespolizisten fanden bei dem Verdächtigen 2590 Euro [...] als Schleuserlohn“), wobei die Gruppe als **Täter oder Komplizen** im Kontext der Kriminalität dargestellt wird.",CRIME_FRAME_NEG,"Der Absatz verknüpft explizit die [Gruppe 1] mit **Schleusung und organisierter Kriminalität** (als Opfer von Zwangsverbrechen *und* gleichzeitig als Personengruppe, die illegal transportiert wird), wobei die Gruppe indirekt als **Objekt** und **Instrument krimineller Aktivitäten** (Schleusergering) dargestellt wird – ein klassischer **Bedrohungsrahmen** (obwohl sie selbst nicht die Täter sind, ist die Situationsbeschreibung untrennbar an Migration/Kriminalität gekoppelt).",NO_CRIME_FRAME,"Die Gruppe [Gruppe 1] wird ausschließlich als Opfer oder Transportierte dargestellt, während Kriminalität erst mit den Schleusern (Nayef Ahmad A. und Thaer Farouk Al J.) verknüpft wird, die nicht Teil der Gruppe sind.",CRIME_FRAME_NEG,"Der Absatz verknüpft explizit die **[Gruppe 1]** mit den Taten der Schleusung und illegalen Menschenhandel (z. B. „im Laderaum viele Menschen“, „Schleuserlohn“), und zwei identifizierte Täter werden als Mitglieder der Gruppe dargestellt.",CRIME_FRAME_NEG,"Der Absatz verknüpft explizit [Gruppe 1] mit **Schleusung** (illegale Migration als Straftat) und zeigt sie als passive Nutzer:innen einer kriminellen Handlung, wobei die Täter (Schleuser) zwar nicht zwingend Mitglieder der Gruppe sind, die Gruppe aber **kontextuell als Zielgruppe einer Straftat** (Menschenhandel) und **als Bedrohung der staatlichen Grenzsicherung** dargestellt wird. Der Schleuserkontext und die Beschreibung der Situation als kriminelle Handlung („gezwungen zur Schleusung“, „Schleuserlohn“) verankern den Kriminalitätsrahmen negativ an der Gruppenzugehörigkeit."
632712b33dd49b919c20c25b,2,REFUG,"

[Gruppe 1] aus der Ukraine stehen in München in einer langen Schlange vor dem Amt für Wohnen und Migration an. Ein Kommentar von Merkur-Chefredakteur Georg Anastasiadis. © Marcus Schlaf/Klaus Haag

Die Bundesregierung sollte dem Rat der Bundespolizei folgen und alle [Gruppe 1] aus der Ukraine bei der Einreise registrieren. Einen weiteren Kontrollverlust an den Grenzen wie 2015 darf sich Deutschland nicht erlauben, kommentiert Georg Anastasiadis.",NO_CRIME_FRAME,NO_CRIME_FRAME,0.8,CRIME_FRAME_NEG,"Der Absatz verknüpft explizit die Gruppe mit einem **Sicherheitsrisiko** („Kontrollverlust an den Grenzen wie 2015“, „Registrierungspflicht“), das als Bedrohung für die öffentliche Ordnung dargestellt wird (Verweis auf die Asyldebatte 2015).",NO_CRIME_FRAME,"**Label: NO_CRIME_FRAME**
**Explanation:** Der Absatz verknüpft die Gruppe explizit weder mit konkreter Kriminalität noch mit konkreten **Straftaten oder Sicherheitsrisiken**, sondern thematisiert ausschließlich **registrierungspolitische Forderungen** (Kontrollverlust ""wie 2015"") ohne Bezug auf Delikte oder Bedrohungen.",NO_CRIME_FRAME,"Der Absatz verknüpft die Gruppe nicht mit Kriminalität, sondern thematisiert lediglich die Registrierungspraxis bei Einreise im Kontext von Grenzsicherheit (Bezug zu 2015), ohne explizite Kriminalitätszuschreibungen oder Bedrohungsszenarien zu nennen.",NO_CRIME_FRAME,"Der Absatz verknüpft die Gruppe explizit mit **Migrationskontrolle und Grenzsicherheit**, nicht jedoch mit Kriminalität oder konkreten Straftaten, weshalb kein *CRIME_FRAME* vorliegt.",NO_CRIME_FRAME,"Der Text verknüpft die Gruppe aus der Ukraine **explizit nur mit Migration und Grenzsicherheit**, nicht aber mit Kriminalität oder Sicherheitsbedrohungen – hier steht die *Registrierungspflicht* im Fokus (historische Bezugnahme auf 2015 als *Kontrollverlust*), aber **keine Assoziation mit Straftaten** oder Bedrohungen durch die Gruppe selbst."
6353e2e560d398afa901e3b8,10,MIGR,"[Andere Gruppe] entsorgen eigene Papiere

Die gefälschten Papiere sollen über Mittelsmänner ins Ausland geliefert worden sein. Mit diesen Schein-Papieren, so heißt es, hätten die [Gruppe 1] beim Verlassen ihres Heimatlandes fälschlicherweise ein Aufenthaltsrecht in Deutschland vorweisen können.

Wie es bei „[Andere Gruppe]“ sehr häufig der Fall ist: Vor Betreten der Bundesrepublik sollen die vermeintlichen „[Andere Gruppe]“ die eigenen Originalpapiere entsorgt haben. Bisher hat die Bundespolizei mindestens 26 solcher Betrugsfälle festgestellt, die wahrscheinlich nachgewiesen werden können. Die Ermittlungen der deutschen Behörden dauern an. Vielleicht werden noch weitere Verdächtige verhaftet.",CRIME_FRAME_NEG,CRIME_FRAME_NEG,1.0,CRIME_FRAME_NEG,Die **[Andere Gruppe]** wird explizit als Täterin von **Betrug (Fälschung von Papieren) und organisierter Kriminalität** dargestellt und mit konkreten Straftaten sowie einer systematischen Handlungsweise („wie es sehr häufig der Fall ist“) verknüpft.,CRIME_FRAME_NEG,"Die **[Gruppe 1]** wird explizit als Täterin von Betrugshandlungen (Fälschung von Papieren zur Täuschung der deutschen Behörden) dargestellt und mit konkreten Straftaten verknüpft, während **[andere Gruppe]** als Opfer oder indirekt Betroffene beschrieben wird.",CRIME_FRAME_NEG,"**Label: CRIME_FRAME_NEG**
**Explanation:** Die **[Andere Gruppe]** wird explizit als Täterin von Betrug (gefälschte Papiere) dargestellt, und die Tat wird ihren Mitgliedern als typisches Verhalten („wie es bei ‚[Andere Gruppe]‘ sehr häufig der Fall ist“) zugeschrieben.",CRIME_FRAME_NEG,Die **[Andere Gruppe]** wird explizit als Täterin der Betrugsdelikte (gefälschte Aufenthaltstitel) dargestellt und mit konkreten Straftaten bzw. Betrugsfällen verknüpft.,CRIME_FRAME_NEG,"Der Absatz verknüpft explizit die **[Gruppe 1]** mit Betrugsdelikten (falsche Papiere zur illegalen Einreise) und Verstößen gegen das Aufenthaltsrecht, indem sie als Tätergruppe mit konkreten Betrugsfällen beschrieben wird."
632712773dd49b919c07ec01,4,RUS,"Für [Gruppe 1] wird die Einreise in die EU mitunter schwieriger werden. Wochenlang hatten EU-Länder darüber gestritten, ob überhaupt und wie die Einreise erschwert werden soll. Der Kompromiss, der zustande gekommen ist, schmeckt Moskau nun gar nicht. Kremlsprecher Peskow deutet Gegenmaßnahmen gegen [Andere Gruppe] an.

Russland hat die EU-Entscheidung, die Einreise für russische Staatsbürger zu erschweren, verurteilt und vor möglichen Gegenmaßnahmen gewarnt. ""Dies ist schlecht für [Gruppe 1], es wird länger dauern und schwieriger sein, ein Visum zu erhalten"", sagte Kreml-Sprecher Dmitri Peskow vor Journalisten in Moskau.

Es werde aber auch ""die Situation für die [Andere Gruppe] erschweren"", erklärte Peskow weiter und bezeichnete die Entscheidung der EU-Außenminister, ein Abkommen mit Russland aus dem Jahr 2007 über Visa-Erleichterungen auszusetzen, als ""eine weitere lächerliche Entscheidung in einer Reihe von laufenden Absurditäten"".",NO_CRIME_FRAME,NO_CRIME_FRAME,1.0,NO_CRIME_FRAME,"Der Absatz thematisiert **ausschließlich visapolitische Konflikte und diplomatische Spannungen** zwischen der EU und Russland ohne jeden Bezug zu Kriminalität, Sicherheit oder ethnischen Gruppen als Täter oder Bedrohung.",NO_CRIME_FRAME,Der Text erwähnt weder Kriminalität noch Sicherheit im Zusammenhang mit **[Gruppe 1]** oder einer anderen Gruppe – es geht ausschließlich um diplomatische Spannungen und Visumpolitik.,NO_CRIME_FRAME,"Der Absatz behandelt ausschließlich geopolitische Konflikte, Visa-Regelungen und Gegenmaßnahmen zwischen der EU und Russland, ohne jeglichen expliziten Bezug zu Kriminalität, Sicherheit oder einer Verknüpfung der genannten Gruppen mit strafrechtlichen Handlungen.",NO_CRIME_FRAME,"Der Absatz behandelt ausschließlich **geopolitische Konflikte, Visa-Regelungen und Gegenmaßnahmen zwischen EU und Russland**, ohne dass [Gruppe 1] oder [andere Gruppe] mit **Kriminalität, innerer Sicherheit oder konkreten Straftaten** verknüpft wird.",NO_CRIME_FRAME,"Der Absatz thematisiert **ausschließlich visapolitische Konflikte** zwischen der EU und Russland ohne jeden Bezug zu Kriminalität, Sicherheit oder ethnischsozialen Gruppen, sodass kein Kriminalitäts- oder Sicherheitsrahmen vorliegt."
632712b03dd49b919c1f6623,6,JESID,"Al-Kuraischi sprengte sich selbst in die Luft

Al-Kuraischi war Anfang Februar bei einem US-Militäreinsatz im Nordwesten Syriens getötet worden. Er sprengte sich dabei nach Angaben aus Washington selbst in die Luft, um nicht für seine Taten zur Rechenschaft gezogen zu werden. Al-Kuraischi soll einer der Hauptverantwortlichen für den Völkermord an der religiösen Minderheit der [Gruppe 1] im Nordwesten des Iraks gewesen sein.

Der IS hoffe, dass der Krieg in der Ukraine nicht ende, ehe er die Menschen im Westen vernichtet und die dortigen Gebiete zerrissen habe, hieß es in der Audiobotschaft weiter. Deren Echtheit ließ sich zunächst nicht überprüfen. Sie wurde jedoch über die üblichen Kanäle der Extremisten in den sozialen Medien verbreitet.",NO_CRIME_FRAME,NO_CRIME_FRAME,1.0,NO_CRIME_FRAME,"Die Gruppe ([Gruppe 1]) wird im Absatz nur als Opfer eines Völkermords durch Al-Kuraischi (IS) beschrieben, ohne mit Kriminalität oder Sicherheit verknüpft zu werden.",NO_CRIME_FRAME,"Die Gruppe [Gruppe 1] wird im Absatz als Opfer des Völkermords durch Al-Kuraischi (IS) dargestellt, und die Kriminalität wird nicht direkt mit der Gruppe selbst verknüpft, sondern mit deren Tätern.",NO_CRIME_FRAME,"**Label: NO_CRIME_FRAME**
**Explanation:** Die Gruppe wird hier **nicht** als Täterin oder Quelle von Kriminalität im Kontext innerer Sicherheit (z. B. Diebstahl, Gewalt im Inland) dargestellt, sondern als Opfer des IS bzw. als von Völkermord betroffene Minderheit; die Kriminalität (Selbstmordanschlag, Extremismus) wird **nicht explizit der Gruppe zugeschrieben**, sondern einer anderen Gruppe (IS/Al-Kuraischi).",NO_CRIME_FRAME,"Der Text verbindet [Gruppe 1] zwar mit dem Attentat des IS-Mitglieds Al-Kuraischi, dieser wird jedoch **nicht als Mitglied der Gruppe**, sondern als eigenständiger Täter dargestellt (keine Assoziation der Gruppe mit Kriminalität oder Terrorismus im Sinne der Anweisungen).",NO_CRIME_FRAME,"Die Gruppe wird hier **nicht explizit mit der Selbstattentatshandlung oder den aktuellen Kriminalitäts- und Sicherheitsereignissen verbunden**, sondern nur als **Opfer des Völkermords durch Al-Kuraischi** (IS-Mitglied) erwähnt, ohne dass die Gruppe selbst als Täter oder Bedrohung dargestellt wird."
6327128f3dd49b919c122e6e,15,FRA,"dazu auch: Wahl zwischen Le Pen und Macron: Es brodelt in Frankreich

Viele [Gruppe 1] sind frustriert. Vor allem Jüngere wenden sich den politischen Extremen zu – oder wollen gar nicht mehr wählen. Das könnte der Rechtsextremen Le Pen helfen. Hier erklären sie ihre Gründe.

Es ist die Wut, die viele auf die Straße treibt. Zehntausende gingen zuletzt auf die Straße, in Paris, aber auch in kleineren Städten wie Lyon besetzten Studierende Universitäten. “Keine Stimme für Marine Le Pen”, heißt es auf den Plakaten. Oder: “Nein zu Rechtsextremismus”.",NO_CRIME_FRAME,NO_CRIME_FRAME,1.0,NO_CRIME_FRAME,"Der Absatz erwähnt zwar politische Extremismus (Le Pen/Rechtsextremismus), verbindet dies aber **nicht explizit mit [Gruppe 1]** – weder als Täter, Opfer noch als Akteur in einem Kriminalitäts- oder Sicherheitskontext. Die Gruppe wird als politisch frustriert und aktivistisch (nicht kriminell) dargestellt.",NO_CRIME_FRAME,"Der Text thematisiert politische Radikalisierung und Proteste, aber ohne expliziten Bezug zu Kriminalität, Sicherheit oder innerer Bedrohung durch die Gruppe.",NO_CRIME_FRAME,"Der Absatz thematisiert politische Frustration, Proteste gegen Rechtsextremismus und Wahlverhalten, ohne die Gruppe explizit mit Kriminalität oder innerer Sicherheit zu verknüpfen.",NO_CRIME_FRAME,"Der Absatz thematisiert politische Frustration, Extremismusbewegungen und Proteste, nicht jedoch Kriminalität oder Sicherheit im Sinne innerer Sicherheit; die Gruppe wird weder als Täter noch als Sicherheitsfaktor dargestellt.",NO_CRIME_FRAME,"**Label:** NO_CRIME_FRAME
**Explanation:** Der Text thematisiert politische Frustration, Extremismus und Proteste, ohne die Gruppe explizit mit Kriminalität, innerer Sicherheit oder konkreten Straftaten zu verknüpfen."
Tagesspiegel_added_4f50aa9a145526063e436b050c0eda665c6e76c6_,11,GBR,"Ende der Integrationsbereitschaft

An der tief sitzenden Europaskepsis der [Gruppe 1] vermochte auch der Europaenthusiast Tony Blair nichts zu ändern. Als David Cameron schließlich alles auf eine Karte setzte und über den Verbleib in der EU abstimmen ließ, ging der Plan aus Sicht der Regierung wie auch der EU gewaltig schief. Unter dem Eindruck des wirtschaftlichen Niedergangs in Folge der Staatsschulden- und Finanzkrise und – ganz frisch – der Erfahrungen der Massenmigration sowie flankiert von einer politischen leave-Kampagne, die die Ängste und Hoffnungen der Menschen geschickt anzusprechen vermochte, entschieden sich 52 Prozent der [Gruppe 1] für den Austritt ihres Landes aus der EU.

Wie steht Simms dazu? Man muss wissen, dass Simms ein leidenschaftlicher [Andere Gruppe] ist, dem die Zögerlichkeit des europäischen Integrationsprojekts ein Graus ist. Seine Vision ist eine politische Union der europäischen Staaten nach Vorbild der USA oder eben Großbritanniens – für deren Realisierung er derzeit jedoch kaum mehr eine Chance sieht. Europa, so Simms’ radikales Urteil am Ende des Buches, „hat vor 1945 versagt, und die heutige europäische Union versagt nur etwas weniger“. Der Brexit wird in dieser Lesart zu einem letztlich konsequenten Notausstieg.",NO_CRIME_FRAME,NO_CRIME_FRAME,1.0,NO_CRIME_FRAME,"Der Absatz thematisiert politische Haltung („Europaskepsis“), wirtschaftliche Krisen und Migration *ohne* direkte Verknüpfung mit Kriminalität oder innerer Sicherheit und stellt die Gruppe nicht als Täter oder Gefahr dar.",NO_CRIME_FRAME,"Der Absatz verknüpft **[Gruppe 1]** explizit weder mit Kriminalität noch mit Sicherheit/Schutz, sondern behandelt politisch-gesellschaftliche Themen (EU-Skepsis, Brexit-Entscheidung, wirtschaftliche Ängste).",NO_CRIME_FRAME,"Der Absatz thematisiert politische Haltung, EU-Integration und wirtschaftliche/soziale Ängste der Gruppe, ohne Kriminalität oder Sicherheit explizit mit ihr zu verknüpfen.",NO_CRIME_FRAME,"Der Text thematisiert politische Entscheidungen (Brexit) und wirtschaftliche/migrationbedingte Ängste, ohne die Gruppe explizit mit Kriminalität, Straftaten oder innerer Sicherheit zu verknüpfen.",NO_CRIME_FRAME,"Der Absatz behandelt politische Einstellungen und den Brexit, nicht Kriminalität oder Sicherheit, und verknüpft die Gruppe **nicht** mit Straftaten oder Gefahren."
632712aa3dd49b919c1d28ab,1,NLD,"

Zwei tödliche Stürze von Touristen innerhalb weniger Stunden haben auf Mallorca für großes Entsetzen gesorgt. Bei den Opfern handele es sich um einen 34 Jahre alten [Andere Gruppe] und einen 31-jährigen [Gruppe 1], berichteten Medien am Freitag unter Berufung auf die Polizei der spanischen Urlaubsinsel.

Beide Tragödien ereigneten sich bereits am Donnerstag und seien „auf grobe Fahrlässigkeit“ zurückzuführen, schrieb die Regionalzeitung „Diario de Mallorca“. Die tödlichen Stürze wurden von Augenzeugen gefilmt und gingen im Netz viral. Im Fall des [Gruppe 1] wurde der Sturz in den Tod von der Partnerin live gestreamt. Die Polizei in Palma bestätigte auf Anfrage die Medienberichte.",NO_CRIME_FRAME,NO_CRIME_FRAME,1.0,NO_CRIME_FRAME,"Es wird zwar ein Todesfall erwähnt, aber dieser ist ein Unfall („grobe Fahrlässigkeit“) und nicht mit Kriminalität oder Sicherheit verknüpft, sondern bezieht sich auf eine Tragödie ohne Bezug zur Gruppenzugehörigkeit.",NO_CRIME_FRAME,Der Absatz beschreibt einen tödlichen Unfall (Sturz) aufgrund von Fahrlässigkeit als Opferlage und verknüpft dies weder mit Kriminalität noch mit einer Sicherheitsbedrohung oder Prävention im Kontext der Gruppe.,NO_CRIME_FRAME,"Die Gruppe wird ausschließlich als Opfer eines Unfalls durch *grobe Fahrlässigkeit* genannt, ohne dass sie mit Kriminalität oder Sicherheit verknüpft wird.",NO_CRIME_FRAME,"Der Absatz behandelt **Unfälle durch grobe Fahrlässigkeit** (keine Kriminalität) und die Gruppe **[Gruppe 1]** wird **ausschließlich als Opfer** dargestellt, ohne Verbindung zu Straftaten oder Sicherheitsbedrohungen.",NO_CRIME_FRAME,"Im Text wird ein tödlicher Unfall als „grobe Fahrlässigkeit“ klassifiziert, nicht als Straftat oder Sicherheitsbedrohung, und die Gruppe ist hier ausschließliche Opfer der Vorfälle."
632712833dd49b919c0ce4da,8,UKR,"Sind Sie desillusioniert, dass das lange Bemühen um Frieden ohne Waffen in diesen Tagen infrage gestellt wird?

Leider ja. Die Grundausrichtung evangelischer Friedensethik ist: Was können wir tun, dass Menschen in Frieden zusammenleben? Aber es kann Situationen geben, in denen dieser Frieden nicht von allen gewollt wird. Vor dieser Herausforderung stehen wir jetzt. Wir sind nicht in einer erlösten Welt. Es gibt Situationen, in denen man in einer Ultima Ratio dem Bösen unter Umständen mit Gewalt entgegentreten muss. Das gilt für das Selbstverteidigungsrecht, das die [Gruppe 1] im Moment völlig legitim in Anspruch nehmen. Die zweite Begründung in der Friedensethik wäre ein UN-Mandat im Sinne einer rechtserhaltenden Gewalt. Wir müssen uns immer klarmachen: Mit Waffen allein ist Frieden nicht wirklich zu schaffen und zu sichern. Wir sehen ja jetzt schon, dass es einer neuen Sicherheitsarchitektur bedarf. Wenn diese Vereinbarungen aus der Vergangenheit nicht getragen haben, wie muss dann eine künftige Friedensordnung aussehen? Das ist eine riesige politische Aufgabe, die aber am Ziel Frieden ausgerichtet werden muss. Das ist der Unterschied zu einer Ethik, die sich am Krieg orientiert.

Wie ist das Echo in den einzelnen Gemeinden auf Ihre Aufforderung, die [Gruppe 1] aufzunehmen?",NO_CRIME_FRAME,NO_CRIME_FRAME,1.0,NO_CRIME_FRAME,"Der Text thematisiert **militärische Selbstverteidigung und geopolitische Konflikte** im Kontext internationaler Friedensethik und Gewaltlegitimation, aber **nicht Kriminalität oder innere Sicherheit im medialen Sinne** – die Gruppe wird hier als Akteur in einem Kriegshandlungskontext (UN-Mandat, Selbstverteidigungsrecht) dargestellt, nicht als Quelle von Straftaten oder Sicherheitsbedrohungen.",NO_CRIME_FRAME,"Der Text behandelt ausschließlich geopolitische Konflikte und militärische Rechtfertigungen zur Selbstverteidigung unter UN-Mandat, ohne dass die [Gruppe 1] mit innerer Kriminalität oder Sicherheitsbedrohungen im deutschen Kontext verbunden wird.",NO_CRIME_FRAME,"Der Absatz verknüpft die **[Gruppe 1]** ausschließlich mit militärischer Selbstverteidigung oder UN-Mandaten im Kontext internationaler Konflikte sowie humanitärer Friedensethik, nicht mit innerer Sicherheit, Kriminalität oder Straftaten im Sinne der Annotationsregeln.",NO_CRIME_FRAME,"Der Absatz thematisiert Krieg, militärische Selbstverteidigung und Friedensethik, aber es gibt **keinen expliziten Bezug zur Kriminalität oder innerstaatlichen Sicherheit** der [Gruppe 1].",NO_CRIME_FRAME,"**Label: NO_CRIME_FRAME**
**Explanation:** Die Erwähnung von Gewalt oder Selbstverteidigung bezieht sich auf militärische/geopolitische Konflikte (z. B. UN-Mandat, „Selbstverteidigungsrecht“), nicht auf **innere Sicherheit** oder Kriminalität im Sinne der Studienanforderungen."
632712853dd49b919c0e1722,7,UKR,"Jetzt kehren sie in die Ukraine zurück, ihre Wagen beladen mit Salz. Beide sind verärgert, dass sie Sonnenblumenkerne nach Rumänien bringen mussten. Die würden eigentlich zuhause in der Ukraine benötigt, dort müsse man jetzt schon umgerechnet über zwei Euro für den Liter Speiseöl bezahlen - und die Preise würden weiter steigen. Grischka stammt aus einer moldauisch-russischen Familie, ist 37 Jahre alt, seine Frau ist [Andere Gruppe], sie haben ein dreieinhalb Jahre altes Kind. ""Der Krieg hat unser Leben total verändert, es ist alles schlechter geworden. Warum müssen so viele Kinder sterben? Warum müssen Menschen im Keller hausen?"", fragt Grischka. Er versteht nicht, warum der Krieg begann, wieso sich plötzlich so viel Hass entfesseln konnte.

Grischka versteht auch nicht, warum in der ganzen Ukraine, auch in seinem Dorf bei Ismail an der Donau, nicht nur die russische Sprache, sondern auch die russische Musik verboten wurde: ""Wenn dich die Polizei erwischt, musst du Strafe zahlen."" Die [Gruppe 1] würden alle Menschen hier in [Gruppe 1] verwandeln wollen, sagt er. ""Ich habe gestern erlebt, wie ein ukrainischer LKW-Fahrer einen [Andere Gruppe] beschimpfte, weil der kein Ukrainisch sprach.""

Angst vor dem Vorstoß der russischen Armee",NO_CRIME_FRAME,NO_CRIME_FRAME,1.0,NO_CRIME_FRAME,"Der Absatz thematisiert Krieg, Verbot von russischer Sprache/Musik (mit Strafandrohung durch Behörden) und Diskriminierungserfahrungen einer Person aus **[Andere Gruppe]**, aber **keine explizite Verknüpfung der Gruppe [1] oder [Andere Gruppe] mit Kriminalität** – stattdessen geht es um politische Unterdrückung und individuelle Konflikte.",NO_CRIME_FRAME,"Der Absatz beschreibt Kriegshandlungen, sprachliche Diskriminierung und soziale Konflikte, aber es wird **kein expliziter Bezug zur Gruppe als Täter, Sicherheitsbedrohung oder Kriminalitätsverursacher** hergestellt (die [Gruppe 1] wird auf politisch-ideologische Absichten reduziert, nicht auf Kriminalität).",NO_CRIME_FRAME,"Kriminalität wird zwar erwähnt (z. B. Strafzahlung bei russischsprachigem Verhalten oder Beschimpfung eines [Andere Gruppe]-Mitglieds), aber die **Gruppe 1** wird nicht explizit als Täter oder Quelle von Kriminalität dargestellt, sondern als Betroffene von politischer Repression und zwischenethnischer Konflikte.",NO_CRIME_FRAME,"Der Absatz thematisiert zwar ein konkretes Sprachverbot als Strafe und eine Beschimpfung durch einen Ukrainer, verknüpft dies aber **nicht explizit mit der gesamten Gruppe [Gruppe 1]** oder einer systematischen Sicherheitsbedrohung – sondern mit isolierten Fällen von Diskriminierung und staatlichen Maßnahmen. Kriminalität wird nicht als Merkmal der Gruppe dargestellt, sondern als Folge von Kriegs- und Konfliktkontexten.",NO_CRIME_FRAME,"Der Text beschreibt zwar ein Verbot russischer Sprache/Musik in der Ukraine (inkl. strafrechtlicher Konsequenzen), aber dies wird nicht explizit mit der **[Gruppe 1]** verknüpft – es geht primär um politisch-militärische Maßnahmen (Sprachregulierung) und individuelle Diskriminierung, nicht um Kriminalität oder Sicherheitsbedrohungen *durch* die Gruppe. Zudem ist **[Gruppe 1]** hier Opfer von Hass und Gewalt durch Ukrainer (nicht Täter)."
632712b03dd49b919c1f68f8,6,HUN,"[Gruppe 1] könnte Öl-Embargo gegen Russland blockieren

Als potenzieller Blockierer eines nötigen einstimmigen Sanktionsbeschlusses gilt nach dem Einlenken Berlins vor allem das in hohem Maße von russischem Öl abhängige [Gruppe 1]. Regierungschef Viktor Orban, dem eine große Nähe zum Kreml nachgesagt wird, hatte nach seiner Wiederwahl Anfang April ein Veto gegen jede Form von Energieembargo angekündigt.

Orbans Kabinettschef Gergely Gulyas sagte laut der Nachrichtenagentur Bloomberg am Sonntag im staatlichen Rundfunk, ein solches Embargo sei kontraproduktiv. Die EU-Staaten müssten „zur Vernunft kommen“.",NO_CRIME_FRAME,NO_CRIME_FRAME,1.0,NO_CRIME_FRAME,"Im Text wird die Gruppe ausschließlich im Kontext geopolitischer Entscheidungen (Ölembargo, Sanktionen gegen Russland) erwähnt, ohne dass ein Bezug zu innerer Sicherheit, Kriminalität oder Bedrohungsszenarien hergestellt wird.",NO_CRIME_FRAME,"Der Absatz thematisiert geopolitische Konflikte (Energieembargo/Sanktionen gegen Russland) sowie politische Blockaden, **ohne** die Gruppe [Gruppe 1] mit Kriminalität, Sicherheit oder innerer Bedrohung zu verknüpfen.",NO_CRIME_FRAME,"**Label: NO_CRIME_FRAME**
**Explanation:** Der Absatz handelt ausschließlich von geopolitischen Konflikten (Öl-Embargo, Sanktionen) und Machtinteressen ohne jeden Bezug zu Kriminalität, innerer Sicherheit oder Sicherheitsbedrohungen.",NO_CRIME_FRAME,"Der Absatz thematisiert **keine** Verbindung zwischen [Gruppe 1] und Kriminalität, Sicherheit oder innerer Bedrohung, sondern ausschließlich geopolitische Konflikte (Energiesanktionen) und diplomatische Blockaden ohne Bezug zu Straf- oder Sicherheitsrahmen.",NO_CRIME_FRAME,"**Label:** NO_CRIME_FRAME
**Explanation:** Der Text thematisiert keine Kriminalität oder Sicherheitsfragen, sondern politisch-diplomatische Entscheidungen (Embargos, Sanktionspolitik) und geopolitische Konflikte ohne Bezug zu innerer Sicherheit oder Straftaten."
636cccd4ae3ec27b22079d4a,23,REFUG,"Wer allerdings in der Ukraine nur über eine befristete Aufenthaltserlaubnis verfügte und nach Deutschland geflohen ist, was auf viele Studierende zutrifft, unterliegt nach Informationen von Flüchtlingsorganisationen der Einzelfallprüfung der jeweiligen Ausländerbehörde. Eine Übergangsregelung für diese Gruppe von Drittstaatlern ist am 31. August ausgelaufen. Nach dem Ablauf der Frist können sich die Betroffenen noch 90 Tage legal in Deutschland aufhalten und sich um einen Aufenthaltstitel bemühen.

Insgesamt legen die Aussagen Betroffener nahe, dass zumindest manche nicht-ukrainische People of Colour auf ihrer Flucht diskriminiert wurden. Es gibt jedoch keine Belege für eine systematische Diskriminierung. Allerdings werden sie, etwa in Deutschland, oft anders als ukrainische [Gruppe 1] behandelt, wenn sie bestimmte Voraussetzungen nicht erfüllen.

",NO_CRIME_FRAME,NO_CRIME_FRAME,1.0,NO_CRIME_FRAME,"Der Absatz behandelt Aufenthaltsregelungen, Diskriminierungserfahrungen und rechtliche Verfahren, ohne die Gruppe explizit mit Kriminalität, Sicherheit oder einem Kriminalitätsrahmen zu verknüpfen.",NO_CRIME_FRAME,"**Label: NO_CRIME_FRAME**
**Explanation:** Der Absatz thematisiert weder Kriminalität noch Sicherheit im Zusammenhang mit der genannten Gruppe ([Gruppe 1] bzw. *People of Colour*), sondern beschreibt pauschal Fluchtbedingungen und mögliche Diskriminierungserfahrungen ohne Bezug zu Straftaten oder innerer Sicherheit.",NO_CRIME_FRAME,"Der Absatz thematisiert Aufenthaltsregelungen, Flucht und Diskriminierung, aber **keine explizite Verknüpfung der [Gruppe 1] oder anderer Gruppen mit Kriminalität, Sicherheit oder Bedrohung** – weder als Täter noch als Opfer krimineller Handlungen.",NO_CRIME_FRAME,"Der Absatz behandelt ausschließlich Aspekte von Asyl-, Aufenthaltsrecht und Diskriminierungserfahrungen, ohne die Gruppe mit Kriminalität, Sicherheit oder Bedrohung zu verknüpfen.",NO_CRIME_FRAME,"**Label: NO_CRIME_FRAME**
**Explanation:** Der Absatz thematisiert Diskriminierungserfahrungen von nicht-ukrainischen People of Colour und unterschiedliche Behandlungsformen bei Asylanträgen, verbindet dies aber **nicht explizit mit Kriminalität oder Sicherheit**, sondern mit Verwaltungs- und Asylverfahren."
632712833dd49b919c0ceebd,5,HUN,"Keine Kritik an Putin

Dass es um Orbán einsam wird, liegt aber auch an den Zeitläuften. Seit 2015 hatte er sich als Wortführer einer migrationskritischen Linie profiliert und damit in der Visegrád-Gruppe ([Andere Gruppe], Tschechische Republik, Slowakei, [Gruppe 1]) zeitweise den Ton angegeben. Doch das Thema ist in den Hintergrund gerückt. In Prag und in Pressburg sind inzwischen Regierungen am Ruder, die nicht mehr bereit sind, sich so eng an Orbán anzuschließen. Erst recht nicht seit dem Überfall Russlands auf die Ukraine.

Orbán hat zwar die bisherigen EU-Sanktionen gegen Russland murrend mitgetragen. Er sperrt sich aber gegen Energiesanktionen (auch beim Erdöl) sowie gegen Waffenlieferungen und kritisiert lieber den ukrainischen als den russischen Präsidenten. Das hat viele von Orbán abrücken lassen, an erster Stelle seinen engsten Verbündeten in Europa, die in [Andere Gruppe] regierende PiS-Partei von Jaroslaw Kaczynski. Bittere Worte wurden aus [Andere Gruppe] in Richtung [Gruppe 1] gerichtet, ein Treffen der Präsidenten abgesagt, dann ein Treffen der Visegrád-Verteidigungsminister. Mit Kaczynski könnte Orbán nicht mehr, wie beide einmal gewitzelt haben, „Pferde stehlen“.",NO_CRIME_FRAME,NO_CRIME_FRAME,1.0,NO_CRIME_FRAME,"Es wird zwar politischer Dissens erwähnt, aber keine explizite Verbindung zwischen der Gruppe ([Gruppe 1]) und Kriminalität, Sicherheit oder Bedrohung hergestellt.",NO_CRIME_FRAME,"Der Absatz behandelt ausschließlich politische Konflikte, Sanktionen und geopolitische Spannungen ohne jede explizite Verknüpfung der Gruppen ([Gruppe 1] oder [andere Gruppe]) mit Kriminalität, Sicherheit oder innerer Bedrohung.",NO_CRIME_FRAME,"Der Absatz thematisiert politische Spannungen, Sanktionen und Konflikte zwischen Staaten, ohne jegliche Verknüpfung mit Kriminalität, Sicherheit oder einer ethnisch-sozialen Gruppe im Sinne der geforderten Rahmen.",NO_CRIME_FRAME,"Der Absatz thematisiert politische Konflikte und geopolitische Spannungen zwischen Staaten und Parteien, ohne die Gruppe explizit mit Kriminalität, Sicherheit oder innerer Bedrohung zu verknüpfen.",NO_CRIME_FRAME,"**Label: NO_CRIME_FRAME**
**Explanation:** Der Absatz behandelt ausschließlich politische Konflikte und geopolitische Spannungen (Migration, Sanktionen, Ukraine-Krieg) ohne expliziten Bezug zu Kriminalität oder innerer Sicherheit im Zusammenhang mit den genannten Gruppen."
632712a03dd49b919c1959d3,7,FRA,"Anders als bei den Frauen ging es für die Männer in Frankfurt auch um den EM-Titel. Um so mehr Schuster haderte mit dem Ausgang des Klassikers am Main. ""Wenn du mal vorne bist und Vierter wirst, dann ist das natürlich bitter"", sagte der 33-Jährige. ""Ich habe etwas riskiert und war dann am Ende platt.""

In Abwesenheit der Weltelite um den dreimaligen Weltmeister Jan Frodeno wurde der [Gruppe 1] Denis Chevrot Europameister. Der 34 Jahre alte Triathlet setzte sich in 7:52:54 Stunden deutlich vor dem [Andere Gruppe] Robert Wilkowiecki und seinem Landsmann Clement Mignon durch. Für Chevrot, der Schuster bei knapp der Hälfte der Laufstrecke als Führenden abgelöst hatte, war es der dritte Ironman-Sieg in seiner Karriere.

",NO_CRIME_FRAME,NO_CRIME_FRAME,1.0,NO_CRIME_FRAME,"Der Text thematisiert einen Sportsieg und die Performance von Athleten (inkl. [Gruppe 1]), ohne jeden Bezug zu Kriminalität, Sicherheit oder Bedrohung herzustellen.",NO_CRIME_FRAME,Der Absatz behandelt einen sportlichen Wettbewerb und verknüpft die Gruppe **[Gruppe 1]** weder mit Kriminalität noch mit Sicherheit oder Bedrohung.,NO_CRIME_FRAME,"Der Absatz thematisiert ausschließlich sportliche Leistungen und Ergebnisse im Rahmen eines Triathlon-Wettkampfs ohne jeden Bezug zu Kriminalität, Sicherheit oder Bedrohung.",NO_CRIME_FRAME,"Der Absatz thematisiert einen Sportwettkampf (EM-Titel im Triathlon) und enthält keine Erwähnung oder Verknüpfung der Gruppen ([Gruppe 1] oder [andere Gruppe]) mit Kriminalität, Sicherheit, Gefahr oder Prävention.",NO_CRIME_FRAME,"Der Absatz behandelt ausschließlich sportliche Leistungen und Wettkampf-Ergebnisse ohne jegliche Verknüpfung mit Kriminalität, Sicherheit oder Bedrohung."
632712a23dd49b919c1a1ef6,4,MIGR,"Polizei in Nikosia (Symbolbild): Die Bereitschaftspolizei der Insel Zypern hat Warnschüsse gegen [Gruppe 1] abgefeuert. (Quelle: George Christophorou/imago-images-bilder)

Die Lage auf Zypern droht, außer Kontrolle zu geraten: In nur zwei Monaten sind auf der Insel Tausende [Gruppe 1] angekommen, die Polizei scheint überfordert. In einem Aufnahmelager kam es nun zu Ausschreitungen.

Die Bereitschaftspolizei der Insel Zypern hat Warnschüsse abgefeuert, um eine Gruppe von rund 200 [Gruppe 1] in der Ferienstadt Paphos auseinander zu treiben. Fast zeitgleich kam es am späten Dienstagabend Polizeiangaben nach in einem Aufnahmelager nahe der Hauptstadt Nikosia zu Ausschreitungen zwischen Bewohnern. In beiden Fällen wurden die Polizisten demnach mit Steinen beworfen.",CRIME_FRAME_NEG,CRIME_FRAME_NEG,1.0,CRIME_FRAME_NEG,"Die **[Gruppe 1]** wird explizit als Täterin in **Steinwürfen gegen Polizisten** und **Ausschreitungen** beschrieben, wodurch sie mit bedrohlicher Kriminalität und direkter Gewalt gegen staatliche Autoritäten verknüpft ist.",CRIME_FRAME_NEG,"Der Absatz verknüpft die Gruppe explizit mit Straftaten (Ausschreitungen, Bewerfen von Polizisten mit Steinen) und darstellt sie als Quelle von *konkreter Gewalt und Sicherheitsbedrohung* für die Polizei und Ordnung.",CRIME_FRAME_NEG,"Der Text verknüpft die **[Gruppe 1]** explizit mit Ausschreitungen (Steinwürfe auf Polizisten) und beschreibt ihre Handlungen als Bedrohungssituation, die zu polizeilichen Maßnahmen (Warnschüsse) führte.",CRIME_FRAME_NEG,"Die Gruppe wird explizit als Täterin dargestellt, indem sie mit Ausschreitungen (Steine werfen) und gewaltsamen Auseinandersetzungen verbunden wird, wofür die Polizei mit Warnschüssen eingreifen musste.",CRIME_FRAME_NEG,"Die Gruppe wird explizit als Täterin dargestellt, indem sie mit Ausschreitungen, Bewerfen von Polizisten mit Steinen und der Notwendigkeit von Warnschüssen durch die Polizei verknüpft wird."
632712873dd49b919c0ec10a,4,TRKD,"Hunderte [Gruppe 1] reisten Ende Februar in die Türkei, um u. a. strategische Anweisungen des türkischen Präsidenten für die Wahlkämpfe 2023 zu erhalten, wenn in der Türkei Präsident und Parlament gewählt werden, schreibt die WELT und zeigt die türkische Einflussnahme auf die deutsche Innenpolitik über AKP-nahe Organisationen und über Moscheevereine.

»Erdogan versucht weiter, seinen Einfluss auf [Gruppe 1] über politische Organisationen wie den Lobbyvereins Union Internationaler Demokraten (UID) und über Moscheevereine auszuweiten. Der Verfassungsschutz beobachtet diese Aktivitäten von Erdogans fünfter Kolonne in Deutschland, aber das reicht nicht, um türkische Nationalisten und [Andere Gruppe] zu stoppen. Die Unterwanderung unserer Demokratie durch türkische Extremisten, gelenkt aus Ankara, geht weiter. Als AfD erwarten wir von der Bundesregierung, dass sie härter gegen diese verfassungsfeindlichen Bestrebungen vorgeht und dem türkischen Despoten klar dessen Grenzen aufzeigt. Dazu zählt auch, dass es keine organisierte Wahlkampfhilfe von [Gruppe 1] für den Despoten vom Bosporus geben darf.«

Unser Grundgesetz ist unser aller Schatz. Und unser aller Verantwortung.",CRIME_FRAME_NEG,CRIME_FRAME_NEG,1.0,CRIME_FRAME_NEG,"Die Gruppe wird explizit als Teil einer *„fünften Kolonne“* und *„türkischen Extremisten“* dargestellt, wobei von ihr ausgehende Bedrohung der demokratischen Ordnung (Innenpolitik, Verfassungsfeindlichkeit) und *„organisierte Wahlkampfhilfe“* für Erdogan thematisiert wird – dies ist eine direkte Verknüpfung von Gruppenzugehörigkeit mit **Sicherheits- und Kriminalitätsrahmen in negativer Form** (Extremismus, Einflussnahme, „Unterwanderung“).",CRIME_FRAME_NEG,"Die **[Gruppe 1]** wird explizit mit *„türkischen Extremisten“*, *„verfassungsfeindlichen Bestrebungen“* und *„organisierter Wahlkampfhilfe für einen ‚Despoten‘“* verknüpft, was sie als **Sicherheitsbedrohung für die Demokratie** darstellt.",CRIME_FRAME_NEG,"Der Absatz verknüpft **[Gruppe 1]** explizit mit *„verfassungsfeindlichen Bestrebungen“* und *„organisierter Wahlkampfhilfe für einen türkischen Despoten“*, was eine Bedrohung für die demokratische Ordnung darstellt und damit einen negativen Sicherheits-/Kriminalitätsrahmen (Extremismus, Einflussnahme auf die demokratische Innenpolitik) schafft.",CRIME_FRAME_NEG,"Der Absatz verknüpft **[Gruppe 1]** explizit mit *„Unterwanderung unserer Demokratie durch türkische Extremisten“* und *„verfassungsfeindlichen Bestrebungen“*, was als **Sicherheitsbedrohung** und implizite Kriminalisierung (Extremismus, Einflussnahme) dargestellt wird, obwohl keine konkreten Straftaten genannt werden.",CRIME_FRAME_NEG,"**Label: CRIME_FRAME_NEG**
**Explanation:** Der Absatz verknüpft explizit [Gruppe 1] mit *verfassungsfeindlichen Bestrebungen*, *türkischer Extremismus* und *Demokratieunterwanderung*, was eine **Sicherheitsbedrohung** darstellen soll – selbst wenn Kriminalität (wie Straftaten) nicht direkt genannt wird, ist die implizite Assoziation mit politisch motivierter Gefährdung der inneren Sicherheit nach den Regeln als **CRIME_FRAME_NEG** zu werten."
632712913dd49b919c134b37,26,AFR,"Auch Frau Frühwald ist selbstverständlich gepierct – in der Nase; ganz schön cool für eine werdende Pfarrerin. Und auch sie ist – wie könnte es anders sein – „Feministin”. „Feminismus bedeutet für sie, sich dafür einzusetzen im Privaten, im Politischen, sich auch beruflich dafür stark zu machen, dass Geschlecht keine Rolle spielt“, schwärmt der Hessische Rundfunk über die Nachwuchs-Sozin. Wenn Frauen wie Frau Frühwald nicht in solchen Machtpositionen wären, könnte ich mich von dem widerlichem Opportunismus und der glattgebügelten Falschheit eines langweiligen, langhaarigen Mädchens mit drögem Mittelscheitel einfach abwenden und mein Gemüse gießen – so realitätsfern sind ihre Aussagen. Schließlich muss man nur aus der Tür treten und braucht in vielen deutschen Städten nicht lange zu warten, bis einen aggressiv auftretende afrikanische und orientalische Männerrotten einerseits und Gruppen von Kopftuchfrauen andererseits zu unverzüglich zu der Erkenntnis gelangen lassen, dass „Geschlecht” heute mehr denn je eine Rolle spielt – außer vielleicht bei farblosen, jungen Frauen, die schon als kleines Mädchen Bundeskanzlerin werden wollten. Ich bete jeden Tag, dass dieser Kelch an uns vorübergehen möge.

Wie zu erwarten, hat sich die „Feministin” Sophie Frühwald, die sich „sehr intensiv” mit der Shoa und dem Kampf gegen Rechts befasst (solche Schlagorte sind einer politischen Karriere ungemein förderlich!), bislang kein einziges Mal zu den Messermorden und Vergewaltigungen deutscher Mädchen durch [Andere Gruppe] geäußert oder sich für unterdrückte [Gruppe 1] oder gar für Muslimas in ihren tragbaren Stoffgefängnissen eingesetzt. Auch zur Genitalverstümmelung ließ sie bislang nichts verlauten. Ungleich einfacher und billiger ist es da doch, einen kulturell angeeigneten Nasenring zu tragen und ansonsten keine Risiken einzugehen, um die spätere Verbeamtung als Pastorin nicht zu gefährden. Mutig, wahrlich todesmutig sind unsere jungen „Politiker und Innen” heutzutage, so sehr, dass regelrecht mein Herz für sie blutet – so wie die Herzen all der hingemetzelten Mädchen, Frauen und Männer seit 2015!

Störung der feinen Gehörgänge",CRIME_FRAME_NEG,CRIME_FRAME_NEG,1.0,CRIME_FRAME_NEG,"**Label: CRIME_FRAME_NEG**
**Explanation:** Der Text verknüpft explizit *„Messermorde und Vergewaltigungen deutscher Mädchen durch **[Andere Gruppe]**“* sowie *„hingemetzelte Mädchen, Frauen und Männer seit 2015“* mit der Gruppe als Täter, was eine klare **negative Bedrohungsdarstellung** darstellt.",CRIME_FRAME_NEG,"Der Absatz verknüpft explizit **[Andere Gruppe]** (hier implizit als afrikanische/orientalische Männerrotten) sowie **Muslimas** mit konkreten Straftaten (Messermorde, Vergewaltigungen, Genitalverstümmelung) und stellt sie als Bedrohung für Sicherheit und Geschlechtergleichheit dar – trotz fehlender Differenzierung oder Präventionsfokus.",CRIME_FRAME_NEG,"Der Absatz verknüpft explizit **[Andere Gruppe]** und später **muslimische Männer** mit konkreten Straftaten („Messermorden und Vergewaltigungen deutscher Mädchen“) sowie mit dem Kontext von Genitalverstümmelung als Bedrohung, was eine klare negative Kriminalitätsdarstellung darstellt.",CRIME_FRAME_NEG,"Der Absatz verknüpft explizit **[Andere Gruppe]** (afrikanische/orientalische Männer) und später **[Gruppe 1]** (Muslimas, Genitalverstümmelung) mit konkreten Straftaten („Messermorden und Vergewaltigungen“, „Genitalverstümmelung“) und stellt sie als Bedrohung dar, während die Autorin feministische Positionen ironisch als realitätsfremd abtut.",CRIME_FRAME_NEG,"**Label: CRIME_FRAME_NEG**
**Explanation:** Der Absatz verknüpft explizit **[Andere Gruppe]** mit konkreten Straftaten („Messermorden und Vergewaltigungen deutscher Mädchen“) und beschreibt sie als Bedrohung für Frauen, wobei die Täterschaft der Gruppe direkt zugeschrieben wird."
635647462c368528ba097c4d,11,PRT,"Selbstverliebter Gockel

Der [Gruppe 1] war 17, als ihn Sir Alex damals holte. Aber er hat alles wieder vergessen, denn im beginnenden Zwielicht seiner kolossalen Karriere übersteigt es seine Vorstellungskraft, dass eine Mannschaft ohne ihn besser spielt, oder dass er gar zur Belastung wird. Das Gefühl der mangelnden Achtung wurde bei Ronaldo erstmals 2018 thematisiert. Aus verletzter Eitelkeit sei er von Real zu Juventus Turin übergelaufen, argwöhnte damals die Zeitung „El Mundo“ und zitierte den Superstar mit dem Vorwurf an seinen Exklub: „Es ist ein Mangel an Respekt, dass ich weniger verdiene als Messi und Neymar. Es geht nicht um das Geld, sondern um den Status, um Respekt.“

Auch in Manchester klingt Ronaldo jetzt manchmal wie ein selbstverliebter Gockel, der sich ständig beweisen muss, dass er den größten Hintern in der Hose hat, und zwischen den Beinen drei Eier mit Doppeldotter. Als er zu ManU wechselte, sicherte er sich zur Stählung seines Markenzeichens „CR7“ unverzüglich das Trikot mit der Nummer 7, der Uruguayer Edinson Cavani trat es an ihn ab. „Ein Dankeschön an Edi für diese unglaubliche Geste“, sagte Ronaldo, als ob Cavani jemals groß gefragt worden wäre.",NO_CRIME_FRAME,NO_CRIME_FRAME,1.0,NO_CRIME_FRAME,"Der Absatz thematisiert ausschließlich sportliche Karriere, persönliche Eitelkeit und Statuskonflikte von Cristiano Ronaldo und enthält **keine explizite Verknüpfung** mit Kriminalität, Sicherheit, Gefahr oder Prävention.",NO_CRIME_FRAME,"Der Absatz thematisiert ausschließlich sportliche Karriere, Eitelkeit und persönliche Konflikte von **Gruppe 1** (hier: Cristiano Ronaldo), ohne jegliche Verknüpfung mit Kriminalität, Sicherheit oder Bedrohung.",NO_CRIME_FRAME,"Der Absatz thematisiert **ausschließlich** den Fußballer Cristiano Ronaldo (keine Gruppe im Sinne der Studie) und bezieht sich weder auf Kriminalität, Sicherheit, Bedrohungen noch Prävention – keine Verknüpfung mit [Gruppe 1] oder anderen sozialen/ethnischen Gruppen vorliegt.",NO_CRIME_FRAME,"Der Absatz erwähnt keine Kriminalität, Sicherheitsbedrohungen oder präventiven Maßnahmen im Zusammenhang mit der **[Gruppe 1]**, sondern thematisiert ausschließlich sportliche Karriere und persönliche Eitelkeit.",NO_CRIME_FRAME,Der Absatz erwähnt weder Kriminalität noch Sicherheit und hat keinen Bezug zur Gruppe [Gruppe 1] – es geht ausschließlich um private Eitelkeit und sportliche Karriere.
Rubikon_added_11b4aba7f3af53a803cd671c1ae6dd3de1ccbbe9_,22,GBR,"Denn abgesehen von den kulturellen Einblicken beruhigt es mich, angesichts der aktuellen Bedrohungen auf der politischen Weltbühne, von den Erfahrungen zu lesen, die andere Menschen bereits mit Krieg, Bürgerkrieg, Regime-Changes und sozialen Unruhen gemacht haben. Vielleicht kann ich von ihnen lernen, zumindest erkennen, dass das Leben weitergeht — bis wir eben so oder so irgendwann sterben.

Ich bestellte mir auch gleich zwei Romane einer [Andere Gruppe] (die ich noch nicht gelesen habe), da ich feststellte, dass ich nichts über das Leben in asiatischen Ländern weiß und gegenüber Menschen aus Asien noch unbewusster und von Vorurteilen geprägter bin als Menschen anderer Kulturen gegenüber, zu denen ich zumindest zeitweise enge Beziehungen hatte — wie zu Mexikanern, Kolumbianern, Kubanern, [Andere Gruppe], Neuseeländern, [Andere Gruppe], [Andere Gruppe], Argentiniern, Venezolanern, Ecuadorianern, [Andere Gruppe], [Andere Gruppe], [Andere Gruppe], [Andere Gruppe], [Andere Gruppe], Dänen, Schweden, [Gruppe 1], [Andere Gruppe], [Andere Gruppe], [Andere Gruppe], Ivorern, Südafrikanern, [Andere Gruppe], [Andere Gruppe], [Andere Gruppe], [Andere Gruppe], Burkinern, Tschechen, Slowaken, [Andere Gruppe], [Andere Gruppe] …

Je länger ich nachdenke, desto mehr erinnere ich mich an all die Menschen, mit denen ich bereits Erfahrungen austauschen konnte. Und trotz dieser Vielfalt ist mein Weltbild so begrenzt. Vielleicht weil wir im Gespräch mit Menschen eben nicht so in deren Kultur eintauchen können wie beim Lesen eines Romans, wenn wir uns mit der Hauptfigur identifizieren.",NO_CRIME_FRAME,NO_CRIME_FRAME,1.0,NO_CRIME_FRAME,"Der Absatz thematisiert kulturelle Vorurteile, persönliche Reflexionen und literarische Interessen, aber es wird **keine** Verbindung zwischen der [Gruppe 1] oder anderen genannten Gruppen und Kriminalität, Sicherheit, Gefahr oder Prävention hergestellt.",NO_CRIME_FRAME,"Der Absatz thematisiert kulturelle Unwissenheit, Vorurteile und persönliche Erfahrungen, aber es wird **niemals** explizit eine Verbindung zu Kriminalität, Sicherheit, Bedrohung oder Prävention im Kontext der genannten Gruppen hergestellt.",NO_CRIME_FRAME,"Der Absatz thematisiert kulturelle Perspektiven und persönliche Vorurteile, ohne die Gruppe explizit mit Kriminalität, Sicherheit oder Bedrohungen zu verknüpfen.",NO_CRIME_FRAME,"Der Absatz erwähnt Kriminalität oder Sicherheit nicht im Kontext der genannten Gruppen und verknüpft sie auch nicht mit Straftaten, Bedrohungen oder Präventionsmaßnahmen.",NO_CRIME_FRAME,"Der Absatz thematisiert kulturelle Vorurteile, persönliche Lektüre- und Erlebniswelten sowie globale Konflikte, aber **keine Verknüpfung mit Kriminalität, Sicherheit oder Bedrohung im Sinne der Annotationsregeln**."
