testset_id,large_label,large_explanation,large_confidence
1,NO_CRIME_FRAME,"Der Absatz beschreibt eine persönliche Erinnerung an den G8-Gipfel und erwähnt [Gruppe 1] im Kontext von Bewachung eines Autos, ohne jedoch eine explizite Verknüpfung mit Kriminalität, Sicherheitsbedrohung oder Prävention herzustellen.",5
2,CRIME_FRAME_NEG,"Die Gruppe wird explizit mit potenzieller Kriminalität und Sicherheitsrisiken verknüpft, da der Minister betont, dass man wissen muss, wer zu ihnen kommt, um zu vermeiden, dass Schleuser, Menschenhändler, organisierte Kriminalität oder andere Straftäter die Situation ausnutzen.",5
3,NO_CRIME_FRAME,"Die Gruppe wird als Opfer von Zwang und Ausbeutung durch griechische Polizeibeamte dargestellt, ohne dass sie selbst mit Kriminalität, Sicherheitsbedrohung oder Gewaltlegitimation in Verbindung gebracht wird.",5
4,NO_CRIME_FRAME,"Die Gruppe wird als Opfer von Völkermord dargestellt und nicht mit Kriminalität, Sicherheit, Terrorismus, Gewaltlegitimation, Verdacht, Ermittlungen oder Prävention verknüpft, sondern vielmehr als diejenigen, die unter den Handlungen von Al-Kuraischi und dem IS gelitten haben.",5
5,CRIME_FRAME_NEG,"Die Gruppe wird explizit mit der Instrumentalisierung von Protesten und der Spaltung des Landes in Verbindung gebracht, was als Bedrohung für die öffentliche Ordnung und Sicherheit interpretiert werden kann.",4
6,NO_CRIME_FRAME,"Der Absatz beschreibt die russische Propaganda gegenüber [Gruppe 1] und ihre Darstellung als Opfer von Hass und Diffamierung, ohne dass die Gruppe selbst mit Kriminalität, Sicherheit, Terrorismus oder Gewalt in Verbindung gebracht wird.",5
7,NO_CRIME_FRAME,"Der Absatz beschreibt autoritäre Maßnahmen und Einschränkungen des öffentlichen Lebens durch die Taliban, ohne jedoch eine explizite Verknüpfung mit Kriminalität, Sicherheit, Terrorismus, Gewaltlegitimation, Verdacht, Ermittlungen oder Prävention in Bezug auf Deutschland oder eine Bedrohung der inneren Sicherheit Deutschlands herzustellen.",5
8,CRIME_FRAME_NEG,"Der Absatz beschreibt einen 25-jährigen [Gruppe 1], der als Tatverdächtiger wegen gefährlicher Körperverletzung gesucht wird, festgenommen wird und sich zunächst verbal aggressiv zeigt, was eine explizite Verknüpfung der Gruppe mit Kriminalität und Sicherheitsbedrohung darstellt.",5
9,CRIME_FRAME_NEG,"Die [Gruppe 1] wird explizit mit negativen Attributen wie dem Lernen und Umsetzen von ""dem Bösen"" von den Nazis in Verbindung gebracht, was eine negative Darstellung der Gruppe als Quelle von Problemen oder Bedrohungen impliziert.",5
10,CRIME_FRAME_NEG,"Die [Gruppe 1] wird explizit als Teil eines Netzwerks mutmaßlicher Schleuser dargestellt, wobei vier Mitglieder der Gruppe festgenommen wurden und verdächtigt werden, an MenschenSchleusung beteiligt zu sein.",5
11,CRIME_FRAME_POS,"Der Absatz beschreibt Maßnahmen zur Prävention von Missbrauch und zum Schutz von [Gruppe 1] durch die Polizei und andere Organisationen, was als positives Vorgehen im Sicherheitskontext interpretiert werden kann.",5
12,CRIME_FRAME_NEG,"Die Gruppe wird implizit mit negativen Aspekten wie ""Gewalt, Chaos, monströse Kosten und die Spaltung der Bevölkerung"" in Verbindung gebracht, was auf eine generalisierte gesellschaftliche Bedrohungsrahmung hindeutet.",4
13,CRIME_FRAME_NEG,Die [Gruppe 1] wird explizit mit dem Verdacht der Unterstützung eines Terroristen und der Kontaktaufnahme zu Vertretern der Russischen Föderation im Rahmen einer mutmaßlichen Terrorzelle verknüpft.,5
14,NO_CRIME_FRAME,"Der Absatz beschreibt die Situation von [Gruppe 1] in Zypern, ohne sie explizit mit Kriminalität, Sicherheit, Terrorismus, Gewaltlegitimation, Verdacht, Ermittlungen oder Prävention zu verknüpfen, sondern lediglich die Ankunft von Schutzsuchenden und die Bitte der EU-Inselrepublik um Aufnahme.",5
15,CRIME_FRAME_NEG,"Die [Gruppe 1] wird implizit als Ursache für Schwierigkeiten und Probleme in Deutschland dargestellt, was als generalisierte gesellschaftliche Bedrohungsrahmung interpretiert werden kann, da die Gruppe mit negativen Auswirkungen auf die Gesellschaft verknüpft wird.",4
16,CRIME_FRAME_NEG,"Die Gruppe wird implizit mit mangelnder Achtung vor Menschenleben in Verbindung gebracht, was im Kontext des Krieges und der Gewalt eine negative Konnotation hat.",4
17,NO_CRIME_FRAME,"Der Absatz beschreibt antisemitische Vorfälle und Bedrohungen gegen [Gruppe 1], bei denen die Gruppe jedoch als Opfer dargestellt wird, ohne dass sie selbst mit Kriminalität, Sicherheitsbedrohung oder Prävention in Verbindung gebracht wird.",5
18,NO_CRIME_FRAME,"Der Absatz beschreibt einen Kriegskontext und geopolitische Konflikte zwischen Staaten, ohne dass die Gruppe [Gruppe 1] explizit mit Kriminalität, Sicherheit, Terrorismus, Gewaltlegitimation, Verdacht, Ermittlungen oder Prävention im deutschen Inland verknüpft wird.",5
20,CRIME_FRAME_NEG,"Die Gruppe wird in den Videos von Kadyrow explizit mit Drohungen konfrontiert, was eine Verknüpfung mit Sicherheitsbedrohung und Gewaltlegitimation darstellt.",5
21,CRIME_FRAME_NEG,"Die [Andere Gruppe] wird explizit mit illegaler Einreise und Schlepperkriminalität in Verbindung gebracht, was als CRIME_FRAME_NEG klassifiziert wird, da die Gruppe als Quelle von Kriminalität oder Sicherheitsbedrohung dargestellt wird.",5
22,CRIME_FRAME_NEG,"Der Absatz beschreibt Ramsan Kadyrow, ein Mitglied der [Gruppe 1], als jemanden, der mit religiösem Fundamentalismus und Brutalität herrscht und dessen Vater von islamistischen Rebellen ermordet wurde, was eine Verbindung zur Gewalt und Terrorismus herstellt.",5
23,CRIME_FRAME_NEG,"Der Absatz beschreibt ein Gruppenmitglied, das eine Straftat (vorsätzliche Körperverletzung) begangen hat und deswegen vor Gericht verhandelt wird, wodurch die Gruppe explizit mit Kriminalität verknüpft wird.",5
24,NO_CRIME_FRAME,"Der Absatz beschreibt eine politische und soziale Analyse ohne expliziten Bezug zu Kriminalität, Sicherheit oder Prävention in Bezug auf die Gruppe.",5
25,CRIME_FRAME_NEG,"Die [Gruppe 1] wird im Kontext der Verteilung von Koran-Exemplaren durch das Netzwerk ""Die wahre Religion"" erwähnt, was von Politikern heftig kritisiert wird, was impliziert, dass die Gruppe mit radikalen oder extremistischen Bestrebungen in Verbindung gebracht wird.",4
26,NO_CRIME_FRAME,"Der Absatz beschreibt einen Kriegskontext und Gräueltaten, aber die Gruppe [Gruppe 1] wird nicht explizit mit Kriminalität, Sicherheit, Terrorismus, Gewaltlegitimation, Verdacht, Ermittlungen oder Prävention im deutschen Inland verknüpft, sondern ist Teil der allgemeinen Kriegsberichterstattung.",5
27,NO_CRIME_FRAME,"Der Absatz beschreibt den Verkauf von Panzern an die Ukraine und Waffenlieferungen, ohne die Gruppe explizit mit Kriminalität, Sicherheit, Terrorismus, Gewaltlegitimation, Verdacht, Ermittlungen oder Prävention zu verknüpfen.",5
28,CRIME_FRAME_NEG,"Die Gruppe wird explizit mit Gewalt und Bedrohung verknüpft, da ein Bruder einer Frau aus der Gruppe einen Freund mit einem Messer bedroht hat, weil er die ""Ehre"" der Familie verletzt sah.",5
29,NO_CRIME_FRAME,"Der Absatz beschreibt einen Kriminalfall und Verhandlungen zwischen den USA und Russland, aber die Gruppe [Gruppe 1] wird nicht explizit mit Kriminalität, Sicherheit, Terrorismus, Gewaltlegitimation, Verdacht, Ermittlungen oder Prävention verknüpft, sondern nur als Opfer oder Beteiligter in den Verhandlungen erwähnt.",5
30,CRIME_FRAME_NEG,Die Gruppe wird von einem öffentlichen Amtsträger explizit als Sicherheitsrisiko für Deutschland bezeichnet und mit negativen Verhaltensweisen wie dem Schwenken von Russlandfahnen und dem Drücken vor dem Militärdienst in Verbindung gebracht.,5
31,NO_CRIME_FRAME,"Der Absatz beschreibt eine humanitäre Krise und eine Evakuierungsaktion, ohne dass die Gruppe explizit mit Kriminalität, Sicherheit, Terrorismus, Gewaltlegitimation, Verdacht, Ermittlungen oder Prävention verknüpft wird, sondern vielmehr als Opfer von Gewalt und Zerstörung dargestellt wird.",5
32,CRIME_FRAME_NEG,"Der Absatz verknüpft explizit ein Gruppenmitglied mit einer schweren Straftat, dem Mord an einem Teilnehmer einer Parade, und stellt somit die Gruppe in einem negativen Kriminalitätsrahmen dar.",5
33,NO_CRIME_FRAME,"Der Absatz beschreibt Anschläge in Israel, bei denen arabische [Andere Gruppe] als Täter genannt werden, aber die [Gruppe 1] lediglich als Ziel von Hassrufen und Beleidigungen erwähnt wird, ohne dass sie selbst mit Kriminalität, Sicherheit oder Terrorismus in Verbindung gebracht wird.",5
34,CRIME_FRAME_NEG,"Die Gruppe wird durch die Worte des russischen Präsidenten Wladimir Putin und des Sprechers Netschajew explizit mit Terrorismus und Verbrechen in Verbindung gebracht, wodurch ein negativer Kriminalitätsrahmen entsteht.",5
35,CRIME_FRAME_NEG,"Die Gruppe wird explizit mit autoritärer Kontrolle, Zwang und Unterdrückung von Frauenrechten in Verbindung gebracht, was als generalisierte gesellschaftliche Bedrohungsrahmung und CRIME_FRAME_NEG gewertet wird.",5
36,CRIME_FRAME_NEG,"Die [Gruppe 1] wird implizit mit Unmut und Unzufriedenheit in Verbindung gebracht, die der IS ausnutzt, um seine Position zu stärken, was eine Verbindung zur Terrorismus- und Sicherheitsproblematik herstellt.",4
37,NO_CRIME_FRAME,"Der Absatz beschreibt einen Kriegskontext zwischen Staaten ohne Bezug zu Minderheiten in Deutschland und ohne explizite Verknüpfung der Gruppe mit Kriminalität, Sicherheit oder Prävention im deutschen Inland.",5
38,CRIME_FRAME_NEG,"Die Gruppe wird implizit mit Gewalt und rassistischen Parolen in Verbindung gebracht, insbesondere durch die Erwähnung von Neonazis, die Jagd auf vermeintliche [Gruppe 1] machen, nachdem ein Mitglied einer anderen Gruppe eine Straftat begangen hat.",4
39,CRIME_FRAME_NEG,"Die Gruppe wird implizit mit ""Propaganda-Lügen"" in Verbindung gebracht, was als negativer Sicherheitsrahmen interpretiert werden kann, da dies auf eine potenzielle Bedrohung oder Manipulation hindeutet.",4
40,NO_CRIME_FRAME,"Der Absatz beschreibt einen Kriegs- und Konfliktkontext in Kasachstan, ohne einen expliziten Bezug zur inneren Sicherheit Deutschlands oder einer direkten Verknüpfung der [Gruppe 1] mit Kriminalität, Sicherheit oder Prävention in Deutschland herzustellen.",5
41,CRIME_FRAME_NEG,"Die Gruppe wird in einem Kontext erwähnt, in dem kriminelle Energie und Schutz innerhalb eines Gefängnisses thematisiert werden, wobei ein Mitglied der Gruppe als ""Capo"" bezeichnet wird und eine Art Schutz oder Macht innerhalb des Gefängnisses ausübt.",4
42,CRIME_FRAME_NEG,"Die [Gruppe 1] wird explizit als Gruppe dargestellt, die abgehalten werden soll, in den Westen zu gelangen, was impliziert, dass sie als potenzielle Bedrohung oder unerwünschte Einwanderer angesehen werden.",4
43,NO_CRIME_FRAME,"Der Absatz beschreibt einen Kriegskonflikt zwischen Russland und der Ukraine und die Einstufung einer ukrainischen Militäreinheit als Terrororganisation durch ein russisches Gericht, ohne dass die [Gruppe 1] direkt mit Kriminalität, Sicherheit oder Prävention in Deutschland verknüpft wird.",5
44,CRIME_FRAME_NEG,"Die Gruppe wird explizit mit einer illegalen Handlung (Schleusung) in Verbindung gebracht, was als CRIME_FRAME_NEG eingestuft wird.",5
45,CRIME_FRAME_NEG,"Der Absatz beschreibt einen [Gruppe 1]-Mann, der wegen Mordes an einer [Andere Gruppe]-Frau festgenommen und in Untersuchungshaft genommen wurde, wodurch die Gruppe explizit mit Kriminalität verknüpft wird.",5
46,NO_CRIME_FRAME,"Der Absatz thematisiert US-amerikanische Politik und Wahlen, ohne die Gruppe explizit mit Kriminalität, Sicherheit, Terrorismus, Gewaltlegitimation, Verdacht, Ermittlungen oder Prävention in Deutschland zu verknüpfen.",5
47,CRIME_FRAME_NEG,"Die Gruppe wird explizit mit der Forderung nach gesetzestreuem Verhalten und der Unterbringung nicht integrationswilliger Mitglieder in einer Landeseinrichtung in Verbindung gebracht, was auf eine Verknüpfung mit Kriminalität oder Sicherheitsbedenken hindeutet.",4
48,CRIME_FRAME_NEG,"Der Absatz beschreibt einen [Gruppe 1], der wegen eines Vorfalls vor Gericht steht und für den die Staatsanwaltschaft elf Jahre Haft gefordert hat, was eine explizite Verknüpfung der Gruppe mit Kriminalität darstellt.",5
49,CRIME_FRAME_NEG,"Der Absatz beschreibt ein Gruppenmitglied, das eine Mitarbeiterin mit einem Salatkopf bewirft und damit physische Gewalt ausübt, was die Gruppe mit Gewalt und Konflikt verknüpft.",5
50,CRIME_FRAME_NEG,"Der Absatz beschreibt ein Gruppenmitglied, das wegen Mordes, versuchten Totschlags, gefährlicher Körperverletzung und Diebstahls angeklagt ist und somit explizit mit schweren Straftaten verknüpft wird.",5
51,CRIME_FRAME_NEG,"Der Absatz verknüpft die Gruppe explizit mit Kriminalität, da ein Mitglied der Gruppe als mutmaßlicher Täter einer Vergewaltigung dargestellt wird und in Untersuchungshaft genommen wurde.",5
52,CRIME_FRAME_NEG,"Der Absatz beschreibt eine körperliche Auseinandersetzung zwischen einem [Gruppe 1] und einem Eintracht-Profi, bei der der [Gruppe 1] den Eintracht-Profi mit dem Schuhstollen an der Stirn trifft, was als gewaltsame Handlung interpretiert werden kann.",4
53,NO_CRIME_FRAME,"Der Absatz beschreibt eine politische Debatte und Wahlkampfthemen in Frankreich, ohne die Gruppe explizit mit Kriminalität, Sicherheit, Terrorismus, Gewaltlegitimation, Verdacht, Ermittlungen oder Prävention in Deutschland zu verknüpfen.",5
54,CRIME_FRAME_NEG,Der 31-jährige [Gruppe 1] wird explizit als Verdächtiger in einem Ladendiebstahl und Fahren ohne Fahrerlaubnis dargestellt und direkt mit Kriminalität verknüpft.,5
55,CRIME_FRAME_NEG,"Die Gruppe wird implizit mit Menschenhandel und Zuhälterei in Verbindung gebracht, indem Experten vor der Gefahr von Menschenhändlern und Zuhältern warnen, die sich an [Gruppe 1] richten.",4
56,CRIME_FRAME_NEG,"Die Gruppe wird explizit mit sexueller Gewalt und grausamen Methoden im Kontext des Krieges in der Ukraine in Verbindung gebracht, was als CRIME_FRAME_NEG klassifiziert wird, da die Gruppe als Täter von schweren Straftaten dargestellt wird.",5
57,NO_CRIME_FRAME,"Die Gruppe wird als Opfer von Gewalt, Erpressung, Zwangsarbeit und Menschenrechtsverletzungen dargestellt, ohne dass sie selbst mit Kriminalität, Sicherheitsbedrohung oder Terrorismus in Verbindung gebracht wird.",5
58,CRIME_FRAME_NEG,"Die Gruppe wird durch Ben Gvirs Aussage explizit mit Gewalt in Verbindung gebracht, indem er dazu aufruft, auf Ankündigungen ""nicht mit Kapitulation, sondern mit Gewalt"" zu reagieren.",5
59,NO_CRIME_FRAME,"Der Absatz beschreibt Proteste und Gewalt im Iran, ohne dass die [Gruppe 1] explizit mit Kriminalität, Sicherheit, Terrorismus, Gewaltlegitimation, Verdacht, Ermittlungen oder Prävention in Deutschland verknüpft wird.",5
60,CRIME_FRAME_NEG,"Die Gruppe ""[Andere Gruppe]"" wird implizit mit Illegalität und Sicherheitsproblemen in Verbindung gebracht, insbesondere durch Salvini's Versprechen ""Zero clandestini"" und die Darstellung von Immigration als Wahlkampfthema, das mit Sicherheit und Grenzverteidigung verknüpft wird.",4
61,CRIME_FRAME_NEG,"Die Gruppe wird implizit mit einer erfolgreichen Strategie zur Vermeidung von Sprengungen in Verbindung gebracht, aber der Kontext suggeriert, dass dies im Vergleich zu Deutschland erfolgt, wo solche Vorfälle häufiger sind, und der zweite Teil des Textes thematisiert das Gefühl, Deutschland verliere die Kontrolle, was eine negative Konnotation hat.",4
62,CRIME_FRAME_NEG,"Die Gruppe wird indirekt mit kriminellen Organisationen in Verbindung gebracht, die vom Elend der Gruppe profitieren und sie für horrende Summen in die USA bringen, was eine Verknüpfung mit Kriminalität und Sicherheitsbedrohung impliziert.",4
63,NO_CRIME_FRAME,"Der Absatz beschreibt eine historische Konferenz im Kontext des Holocausts, bei der die Gruppe als Opfer von Gewalt und Verfolgung dargestellt wird, ohne dass die Gruppe selbst mit Kriminalität, Sicherheitsbedrohung oder Prävention verknüpft wird.",5
64,CRIME_FRAME_NEG,"Der Absatz verknüpft die [Andere Gruppe] explizit mit der Unterstützung eines Krieges und einem genozidalen Konflikts, was als Sicherheitsrisiko für Deutschland dargestellt wird, und impliziert eine mögliche Bedrohung für [Gruppe 1].",5
65,NO_CRIME_FRAME,"Der Absatz beschreibt einen Kriegskontext und geopolitische Konflikte zwischen Staaten, ohne dass die Gruppe explizit mit Kriminalität, Sicherheit, Terrorismus, Gewaltlegitimation, Verdacht, Ermittlungen oder Prävention im deutschen Inland verknüpft wird.",5
66,CRIME_FRAME_NEG,"Die Gruppe wird explizit mit Söldnertum, einer Straftat, in Verbindung gebracht und gegen zwei Mitglieder der Gruppe wird Anklage erhoben, was eine direkte Verknüpfung mit Kriminalität darstellt.",5
67,CRIME_FRAME_NEG,"Der Absatz verknüpft die [Andere Gruppe] explizit mit einem Angriff, bei dem der Täter aus Hass auf Deutschland handelte und den Ausruf ""Allahu Akbar"" rief, was als Schlachtruf von Dschihadisten und [Andere Gruppe] verwendet wird, und verbindet dies mit Extremismus, auch wenn der Anwalt des Beschuldigten terroristische Motive abstreitet.",4
68,CRIME_FRAME_NEG,"Der Absatz beschreibt ein Gruppenmitglied, das wegen mehrfachen Mordes verurteilt wurde und nun seine Restfreiheitsstrafe ableisten muss, wodurch die Gruppe explizit mit Kriminalität verknüpft wird.",5
69,NO_CRIME_FRAME,"Der Absatz beschreibt Terroranschläge in Israel, bei denen israelische [Gruppe 1] als Täter und Opfer erwähnt werden, aber der Kontext ist ein ausländischer Konflikt und nicht die innere Sicherheit Deutschlands.",5
70,CRIME_FRAME_NEG,"Der Absatz beschreibt ein Gruppenmitglied, das als Täter einer schweren Randalei und Gewalt gegen Polizeibeamte dargestellt wird, was eine explizite Verknüpfung mit Kriminalität und Sicherheitsgefahr darstellt.",5
71,NO_CRIME_FRAME,"Der Absatz beschreibt die Weiterfinanzierung von Stellen für Integrations-Lehrkräfte zur Sprachförderung von [Gruppe 1] ohne jeden Bezug zu Kriminalität, Sicherheit oder Prävention.",5
72,NO_CRIME_FRAME,"Der Absatz beschreibt einen Kriegskontext und militärische Aktionen, ohne dass die Gruppe explizit mit Kriminalität, Sicherheit oder Prävention im deutschen Inland verknüpft wird.",5
73,CRIME_FRAME_NEG,"Die Gruppe wird implizit mit einer erhöhten Straffälligkeit in Verbindung gebracht und als ""Problemmigranten"" bezeichnet, was eine negative Konnotation und eine Verbindung zu Kriminalität suggeriert.",4
74,NO_CRIME_FRAME,"Der Absatz beschreibt historische und politische Ereignisse ohne einen expliziten Bezug zwischen der [Gruppe 1] und Kriminalität, Sicherheit, Terrorismus, Gewaltlegitimation, Verdacht, Ermittlungen oder Prävention in Deutschland.",5
75,CRIME_FRAME_NEG,"Der Absatz verknüpft die [Gruppe 1] explizit mit Gewalt durch die Aussage von Alexander Dugin, man müsse [Gruppe 1] ""töten, töten, töten"", was eine Legitimierung von Gewalt gegen die Gruppe darstellt.",5
76,CRIME_FRAME_NEG,"Der Absatz verknüpft die [Andere Gruppe] explizit mit Hass auf Deutschland, einem Angriff und dem Verdacht auf Extremismus, indem er den Ausruf ""Allahu Akbar"" als Schlachtruf von Dschihadisten und [Andere Gruppe] erwähnt.",5
77,CRIME_FRAME_NEG,"Der Absatz beschreibt einen [Gruppe 1]-Jugendlichen, der verdächtigt wird, unter Anleitung eines mutmaßlichen IS-Terroristen eine Bombe herzustellen, und damit eine direkte Verbindung zwischen der Gruppe und Terrorismus sowie Sicherheitsbedrohung herstellt.",5
78,NO_CRIME_FRAME,"Der Absatz beschreibt eine Gruppe im Kontext eines Krieges und politischer Konflikte, ohne dass die Gruppe explizit mit Kriminalität, Sicherheit oder Prävention im deutschen Inland verknüpft wird.",5
79,NO_CRIME_FRAME,"Der Absatz beschreibt ein Verkehrsunfall und die Ermittlungen gegen den 55-Jährigen Fahrer, ohne dass die [Gruppe 1] in irgendeiner Weise mit Kriminalität, Sicherheit, Terrorismus, Gewaltlegitimation, Verdacht, Ermittlungen oder Prävention verknüpft wird, sondern lediglich in einem separaten, unabhängigen Ereignis erwähnt wird.",5
80,NO_CRIME_FRAME,"Der Absatz beschreibt eine politische und humanitäre Situation in Afghanistan ohne explizite Verknüpfung der [Gruppe 1] mit Kriminalität, Sicherheit, Terrorismus, Gewaltlegitimation, Verdacht, Ermittlungen oder Prävention im deutschen Kontext.",5
81,CRIME_FRAME_NEG,"Die [Gruppe 1] werden explizit mit Kriminalität verknüpft, da führende Republikaner behaupten, dass sie unter der hohen Kriminalität zu leiden haben, was eine negative Darstellung der Gruppe als von Kriminalität betroffen oder mit ihr in Verbindung stehend impliziert.",4
82,NO_CRIME_FRAME,"Der Absatz beschreibt einen Mordfall, bei dem ein [Gruppe 1] Opfer ist und ein [Andere Gruppe] als Täter verurteilt wurde, ohne dass die [Gruppe 1] selbst mit Kriminalität, Sicherheit, Terrorismus, Gewaltlegitimation, Verdacht, Ermittlungen oder Prävention verknüpft wird.",5
83,CRIME_FRAME_NEG,"Der Absatz beschreibt ein Gruppenmitglied, das explizit mit schweren Straftaten wie Mord, versuchtem Mord und gefährlicher Körperverletzung in Verbindung gebracht wird, was eindeutig ein negativer Kriminalitätsrahmen darstellt.",5
84,NO_CRIME_FRAME,"Der Absatz beschreibt eine Ermittlungskommission und ihre Ergebnisse bezüglich der UAWC, ohne jedoch die [Gruppe 1] direkt mit Kriminalität, Sicherheit, Terrorismus, Gewaltlegitimation, Verdacht oder Prävention in Verbindung zu bringen.",5
85,CRIME_FRAME_NEG,"Die Gruppe wird explizit mit Terrorismus und Gewaltlegitimation verknüpft, da bei zwei der Anschläge die Täter israelische [Gruppe 1] und Unterstützer des Islamischen Staats gewesen seien und die Hamas den Anschlag als ""heroische Tat"" bezeichnet hat.",5
86,NO_CRIME_FRAME,"Der Absatz beschreibt einen Kriegskonflikt zwischen Russland und der Ukraine, ohne dass die [Gruppe 1] in einem deutschen Kontext mit Kriminalität, Sicherheit, Terrorismus, Gewaltlegitimation, Verdacht, Ermittlungen oder Prävention verknüpft wird.",5
87,CRIME_FRAME_NEG,"Die Gruppe wird implizit mit einer Verschlechterung der Sicherheitslage in Mali und einer möglichen Unterstützung durch sie assoziiert, wenn die Mission beendet wird, was eine negative Darstellung im Kontext von Sicherheit und Stabilität darstellt.",4
88,NO_CRIME_FRAME,"Der Absatz beschreibt einen Kriegskonflikt zwischen Staaten und thematisiert die Rolle von Literatur und Kultur in der Überwindung von Hass und Schmerz, ohne die Gruppe explizit mit Kriminalität, Sicherheit, Terrorismus, Gewaltlegitimation, Verdacht, Ermittlungen oder Prävention im deutschen Kontext zu verknüpfen.",5
90,NO_CRIME_FRAME,"Der Absatz beschreibt Maßnahmen zur Integration und Ausbildung von [Gruppe 1] ohne jeden Bezug zu Kriminalität, Sicherheit oder Prävention.",5
91,CRIME_FRAME_NEG,"Die Gruppe wird explizit mit illegaler Einwanderung und der Überwindung von Grenzen in Verbindung gebracht, was als Sicherheitsbedrohung dargestellt wird.",5
92,CRIME_FRAME_NEG,"Der Absatz verknüpft ein Mitglied der [Gruppe 1] namens Atmoun explizit mit mutmaßlichen Korruptionsdelikten und Geldflüssen, was als CRIME_FRAME_NEG eingestuft wird, da die Gruppe mit Verdacht und Ermittlungen in Verbindung gebracht wird.",5
93,NO_CRIME_FRAME,"Der Absatz beschreibt einen Kriegskontext und geopolitische Konflikte zwischen Staaten, ohne einen expliziten Bezug zu Kriminalität, Sicherheit oder Prävention im Kontext von Minderheiten in Deutschland herzustellen.",5
94,NO_CRIME_FRAME,"Der Absatz beschreibt geopolitische Konflikte und nukleare Bedrohungen im Kontext des Nahen Ostens, ohne eine explizite Verknüpfung der [Gruppe 1] mit Kriminalität, Sicherheit oder Prävention in Deutschland herzustellen.",5
95,CRIME_FRAME_NEG,"Die Gruppe wird von einer öffentlichen Person, dem ukrainischen Botschafter, explizit als Sicherheitsrisiko für Deutschland bezeichnet, was eine negative Darstellung im Kontext von Sicherheit und möglicher Bedrohung darstellt.",5
96,NO_CRIME_FRAME,"Der Absatz beschreibt einen Kriegskonflikt zwischen Staaten und geopolitische Spannungen, ohne einen expliziten Bezug zur inneren Sicherheit Deutschlands oder einer Verknüpfung der [Gruppe 1] mit Kriminalität, Sicherheit oder Prävention im deutschen Kontext herzustellen.",5
97,CRIME_FRAME_NEG,"Die Gruppe wird explizit mit Verstößen gegen das Aufenthaltsgesetz und geringfügigen Drogendelikten in Verbindung gebracht, was als Kriminalitätsrahmen interpretiert werden kann.",4
98,NO_CRIME_FRAME,"Die [Gruppe 1] wird in diesem Absatz als Opfer von Menschenhändlern und dubiosen Gestalten dargestellt, ohne dass die Gruppe selbst mit Kriminalität, Sicherheitsbedrohung oder Prävention verknüpft wird.",5
99,CRIME_FRAME_NEG,"Die Gruppe wird implizit mit einem fremdenfeindlichen Brandanschlag in Verbindung gebracht, da der Innenminister von einem solchen Anschlag ausgeht und die Tat in einem Kontext erwähnt wird, in dem die Unterbringung von [Gruppe 1] thematisiert wird.",4
100,NO_CRIME_FRAME,"Der Absatz beschreibt eine politische Auseinandersetzung und einen Kriegsbericht aus dem Kontext der Ukraine, ohne dass die Gruppe explizit mit Kriminalität, Sicherheit, Terrorismus, Gewaltlegitimation, Verdacht, Ermittlungen oder Prävention im deutschen Inland verknüpft wird.",5
101,NO_CRIME_FRAME,"Der Absatz beschreibt die Erfahrungen eines Individuums, das vor den Taliban fliehen muss, und erwähnt die Gruppe [Gruppe 1] im Kontext einer Flüchtlingskrise, ohne sie jedoch mit Kriminalität, Sicherheitsbedrohung oder Prävention in Deutschland zu verknüpfen.",5
102,NO_CRIME_FRAME,"Der Absatz beschreibt einen Kriegskonflikt zwischen der türkischen Regierung und der PKK sowie Angriffe auf Stellungen in Syrien, ohne einen expliziten Bezug zu Kriminalität, Sicherheit oder Prävention im deutschen Kontext herzustellen.",5
103,NO_CRIME_FRAME,"Der Absatz beschreibt einen geopolitischen Konflikt und politische Rhetorik im Kontext von Wahlen und militärischen Aktionen, ohne die Gruppe explizit mit Kriminalität, Sicherheit, Terrorismus, Gewaltlegitimation, Verdacht, Ermittlungen oder Prävention im deutschen Inland zu verknüpfen.",5
104,CRIME_FRAME_NEG,"Die [Gruppe 1] wird explizit als Täter in einer handgreiflichen Auseinandersetzung dargestellt, bei der sie mit Stühlen auf andere losgingen und die Polizei wegen des Verdachts des Landfriedensbruchs und schwerer Körperverletzung ermittelt.",5
105,CRIME_FRAME_NEG,"Die Gruppe wird implizit mit Kriminalität verknüpft, indem erwähnt wird, dass viele ""jugendlichen und unbegleiteten [Gruppe 1]"" mangels Optionen in die Kleinkriminalität abdriften.",4
106,CRIME_FRAME_NEG,"Der Absatz beschreibt einen 21-Jährigen, der eine verbotene Waffe bei sich hatte und deshalb eine Strafanzeige wegen Verstoßes gegen das Waffengesetz erhalten hat, wobei der Täter als bulgarischer Staatsbürger und damit als Mitglied einer Gruppe dargestellt wird, die mit Kriminalität in Verbindung gebracht wird.",5
107,NO_CRIME_FRAME,"Der Absatz beschreibt einen Konflikt zwischen der PKK und dem türkischen Staat sowie den Iran, ohne die [Gruppe 1] direkt mit Kriminalität, Sicherheit, Terrorismus, Gewaltlegitimation, Verdacht, Ermittlungen oder Prävention im deutschen Kontext zu verknüpfen.",5
108,NO_CRIME_FRAME,"Die Festnahmen und Vorwürfe gegen die [Andere Gruppe] und nicht gegen die [Gruppe 1] erfolgen, wodurch keine explizite Verknüpfung zwischen der [Gruppe 1] und Kriminalität oder Sicherheitsbedrohung hergestellt wird.",5
109,NO_CRIME_FRAME,"Der Absatz beschreibt eine Konfliktsituation zwischen Marokko und Spanien, bei der [Andere Gruppe] und Sicherheitskräfte verletzt wurden, aber die [Gruppe 1] lediglich als wartende Migranten in der Nähe des Konfliktgebiets erwähnt werden, ohne dass sie direkt mit Kriminalität, Sicherheit oder Gewalt in Verbindung gebracht werden.",5
110,CRIME_FRAME_NEG,"Die Gruppe des [Gruppe 1] wird explizit mit einer gewaltsamen Handlung (Zertrümmern eines Handys) und einer Schlägerei in Verbindung gebracht, was einen negativen Kriminalitätsrahmen darstellt.",5
111,CRIME_FRAME_NEG,"Der Absatz beschreibt einen abgelehnten [Gruppe 1], der verdächtigt wird, eine schwere Straftat (Tötung) begangen zu haben, und wird daher explizit mit Kriminalität und Gewalt verknüpft.",5
112,NO_CRIME_FRAME,"Der Absatz beschreibt eine politische Entscheidung über Abschiebestopp für [Gruppe 1] ohne direkten Bezug zu Kriminalität, Sicherheit oder Prävention, die Gruppe wird lediglich als Empfänger der Entscheidung erwähnt.",5
113,CRIME_FRAME_NEG,"Die Gruppe wird indirekt mit Kriminalität verknüpft, da die Bundespolizei verstärkt im Einsatz ist, um die Einreise von Kriminellen zu verhindern, die die Situation für sich nutzen, was impliziert, dass einige Mitglieder der Gruppe möglicherweise kriminell sind.",4
114,NO_CRIME_FRAME,"Der Absatz beschreibt politische Taktiken und Verhaltensweisen ohne expliziten Bezug zu Kriminalität, Sicherheit oder Prävention in Bezug auf die Gruppe.",5
115,CRIME_FRAME_NEG,"Die [Gruppe 1] wird explizit mit der Tötung Rushdies in Verbindung gebracht, da der Ayatollah Ruhollah Chomeinii in einer Fatwa [Gruppe 1] zur Tötung Rushdies aufgerufen hat, was als CRIME_FRAME_NEG gewertet wird.",5
116,CRIME_FRAME_NEG,"Der Absatz beschreibt einen mutmaßlichen Spion, der als [Gruppe 1] identifiziert wird und unter falscher Identität für einen russischen Geheimdienst arbeitet, was eine direkte Verknüpfung der Gruppe mit Verdacht und Sicherheitsgefahr darstellt.",5
117,CRIME_FRAME_NEG,"Der Absatz beschreibt einen terroristischen Anschlag, bei dem ein Mitglied der [Gruppe 1] als Täter identifiziert wird und die Tat von der Terrormiliz Islamischer Staat reklamiert wird, was eine explizite Verknüpfung der Gruppe mit Terrorismus und Gewalt darstellt.",5
118,CRIME_FRAME_NEG,"Der Absatz beschreibt einen mutmaßlichen Messerangriff, bei dem ein 31-jähriger Mann aus Nigeria als Tatverdächtiger genannt wird und ein 38-jähriger [Gruppe 1] getötet sowie mehrere andere verletzt wurden, wobei der Tatverdächtige direkt mit der Straftat in Verbindung gebracht wird.",5
119,NO_CRIME_FRAME,"Der Absatz beschreibt einen Kriegskontext und geopolitische Ereignisse ohne direkten Bezug zu Kriminalität, Sicherheit oder Prävention im Kontext von Minderheiten in Deutschland.",5
120,NO_CRIME_FRAME,"Der Absatz beschreibt einen Kriegskontext und die Situation in einer Stadt während eines Konflikts, ohne dass die Gruppe explizit mit Kriminalität, Sicherheit, Terrorismus, Gewaltlegitimation, Verdacht, Ermittlungen oder Prävention in Deutschland verknüpft wird.",5
121,NO_CRIME_FRAME,"Der Absatz beschreibt einen Kriegskonflikt zwischen Staaten ohne Bezug zu Minderheiten in Deutschland und die Gruppe wird als Akteur in diesem Konflikt dargestellt, aber nicht in einem Sicherheits- oder Kriminalitätsrahmen im Kontext Deutschlands.",5
122,CRIME_FRAME_NEG,"Die [Gruppe 1] wird explizit mit der Ideologie der Taliban in Verbindung gebracht, die als radikal und potenziell gefährlich angesehen wird, was eine negative Darstellung im Kontext von Sicherheit und Kriminalität impliziert.",4
123,CRIME_FRAME_NEG,"Die Gruppe wird indirekt mit ""illegale Migration"" und ""Schleuserkriminalität"" in Verbindung gebracht, was eine negative Darstellung im Kontext von Kriminalität und Sicherheit impliziert.",4
124,CRIME_FRAME_NEG,"Die Gruppe wird explizit mit illegaler Einreise und dem Versuch, sich in einem LKW zu verstecken, in Verbindung gebracht, was als Form von Kriminalität oder Sicherheitsbedrohung gewertet werden kann.",5
125,NO_CRIME_FRAME,"Der Absatz beschreibt einen Militäreinsatz und geopolitische Konflikte ohne direkten Bezug zu Kriminalität, Sicherheit oder Prävention im Kontext von Minderheiten in Deutschland.",5
126,CRIME_FRAME_NEG,"Die Gruppe [Gruppe 1] wird explizit mit der Kontrolle und Diskriminierung von [Andere Gruppe] in Verbindung gebracht, was als eine Form von Sicherheitsgefahr und Bedrohung für die Freiheit von [Andere Gruppe] dargestellt wird.",5
127,NO_CRIME_FRAME,"Der Absatz beschreibt einen Kriegs- und Terrorismuskontext im Ausland, ohne dass die Gruppe [Gruppe 1] direkt mit Kriminalität, Sicherheit oder Prävention in Deutschland verknüpft wird.",5
128,NO_CRIME_FRAME,"Der Absatz beschreibt politische und gesellschaftliche Themen, erwähnt eine Demonstration gegen eine Gruppe, aber verknüpft die Gruppe nicht explizit mit Kriminalität, Sicherheit, Terrorismus, Gewaltlegitimation, Verdacht, Ermittlungen oder Prävention.",5
130,NO_CRIME_FRAME,"Der Absatz beschreibt verschiedene Ereignisse und Artikel ohne eine direkte Verknüpfung der Gruppe mit Kriminalität, Sicherheit, Terrorismus, Gewaltlegitimation, Verdacht, Ermittlungen oder Prävention in Deutschland.",5
131,CRIME_FRAME_NEG,"Die Gruppe wird explizit mit einem islamistisch motivierten Terroranschlag in Nizza in Verbindung gebracht, was eine Verknüpfung mit Terrorismus und Gewalt darstellt.",5
132,NO_CRIME_FRAME,"Der Absatz beschreibt einen Kriegskontext und Sabotageakte in Russland, ohne die [Gruppe 1] explizit mit Kriminalität, Sicherheit, Terrorismus, Gewaltlegitimation, Verdacht, Ermittlungen oder Prävention in Deutschland zu verknüpfen.",5
133,CRIME_FRAME_NEG,"Die Gruppe wird explizit mit dem Vorwurf des Terrorismus in Verbindung gebracht und es wird über die Möglichkeit von ""überzeugenden Belegen"" für eine Verstrickung in Terrorismus gesprochen, was eine negative Darstellung im Kontext von Sicherheit und Kriminalität impliziert.",4
134,CRIME_FRAME_NEG,"Die [Gruppe 1] wird explizit mit Verstößen gegen das Aufenthaltsgesetz in Verbindung gebracht und ist somit Teil der Kriminalitätsstatistik im Görlitzer Park, was eine negative Darstellung der Gruppe in Bezug auf Kriminalität und Sicherheit impliziert.",5
135,CRIME_FRAME_NEG,"Die Gruppe wird implizit mit unkontrollierter Migration, illegalen Einreisen und sozialen Problemen in Verbindung gebracht, was als Bedrohung für die öffentliche Ordnung und Sicherheit in Deutschland dargestellt wird.",4
136,CRIME_FRAME_NEG,"Die Gruppe wird explizit mit Antisemitismus, Judenfeindlichkeit und islamistischem Extremismus in Verbindung gebracht, was als Sicherheitsbedrohung und Kriminalitätsrahmen interpretiert werden kann.",5
137,CRIME_FRAME_NEG,Der Absatz beschreibt ein Gruppenmitglied als Täter einer schweren Straftat und verknüpft es direkt mit Kriminalität und Gefahr für die Allgemeinheit.,5
138,NO_CRIME_FRAME,"Der Absatz diskutiert den Kontext von Krieg und Gewalt in verschiedenen Ländern und die Meinung einer Bischöfin zu Gewaltlosigkeit, ohne die [Gruppe 1] explizit mit Kriminalität, Sicherheit, Terrorismus, Gewaltlegitimation, Verdacht, Ermittlungen oder Prävention im deutschen Kontext zu verknüpfen.",5
139,CRIME_FRAME_NEG,"Der Absatz verknüpft die Gruppe explizit mit Terrorismus und islamistischer Radikalisierung, was als CRIME_FRAME_NEG gewertet wird, da die Gruppe mit einer Sicherheitsbedrohung in Verbindung gebracht wird.",5
140,CRIME_FRAME_NEG,"Die Gruppe wird explizit mit ""illegalen"" Grenzübertritten in Verbindung gebracht und als Teil einer Strategie des belarussischen Machthabers beschrieben, um Druck auf den Westen auszuüben, was eine negative Darstellung der Gruppe als Quelle von Sicherheitsbedrohung impliziert.",5
141,CRIME_FRAME_NEG,"Die Gruppe wird explizit mit bewaffneter Eskalation und als erfahrene Kämpfer in einem Konflikt in Kasachstan in Verbindung gebracht, was eine negative Darstellung im Sicherheitskontext darstellt.",5
142,CRIME_FRAME_NEG,"Der Absatz verknüpft die Gruppe explizit mit Terrorismus und einem mutmaßlichen Anschlag in Deutschland, indem der Sohn eines bekannten radikalen [Gruppe 1] als Terrorverdächtiger dargestellt wird.",5
143,NO_CRIME_FRAME,"Der Absatz beschreibt die Erfahrungen und das Engagement eines [Gruppe 1]-Mitglieds für Integration und Aufklärung, ohne dass die Gruppe explizit mit Kriminalität, Sicherheit, Terrorismus, Gewaltlegitimation, Verdacht, Ermittlungen oder Prävention verknüpft wird, sondern vielmehr als Opfer von Bedrohungen und Vorurteilen dargestellt wird.",5
145,CRIME_FRAME_NEG,Die [Andere Gruppe] wird explizit als Täter einer schweren Straftat (Vergewaltigung und Tötung) dargestellt und direkt mit Kriminalität verknüpft.,5
146,CRIME_FRAME_NEG,"Der Absatz beschreibt, wie die Person rassistische Ansichten über [Andere Gruppe] und [Gruppe 1] vertritt und verbreitet, was als Legitimation von Diskriminierung und potenzieller Gewalt gegen diese Gruppen interpretiert werden kann.",5
148,CRIME_FRAME_NEG,"Die Gruppe wird durch die Aussage des ukrainischen Kleinkindes explizit mit Gewalt und dem Wunsch, ""[Gruppe 1] abschlachten zu wollen"", in Verbindung gebracht, was eine negative Darstellung der Gruppe als potenzielle Quelle von Gewalt darstellt.",5
149,NO_CRIME_FRAME,"Der Absatz beschreibt einen Kriegs- oder Konfliktkontext, in dem ein Flugzeug bei einem Angriff der [Gruppe 1] beschädigt wurde, aber die Gruppe nicht explizit mit Kriminalität, Sicherheit, Terrorismus, Gewaltlegitimation, Verdacht, Ermittlungen oder Prävention im deutschen Inland verknüpft wird.",5
150,CRIME_FRAME_NEG,"Die Gruppe wird mit der Verbreitung von Lügengeschichten und Aufrufen zum Bürgerkrieg in Verbindung gebracht, was als Sicherheitsbedrohung und Gewaltlegitimation interpretiert werden kann.",4
151,NO_CRIME_FRAME,"Der Absatz beschreibt einen Flaggenmarsch und Gewaltausbrüche im Kontext eines internationalen Konflikts, ohne dass die Gruppe explizit mit Kriminalität, Sicherheit oder Prävention in Deutschland verknüpft wird.",5
152,CRIME_FRAME_NEG,"Die Gruppe wird explizit mit Kriminalität und Terrorismus verknüpft, da drei der Angeklagten der Gruppe [Gruppe 1] angehören und für den Abschuss einer Rakete verantwortlich gemacht werden, was als Mord in 298 Fällen angeklagt wird.",5
153,CRIME_FRAME_NEG,"Die [Gruppe 1] wird explizit mit Angriffsplänen und Terrorismus in Verbindung gebracht, was als Bedrohung für die Sicherheit dargestellt wird.",5
154,CRIME_FRAME_NEG,"Die [Gruppe 1] wird explizit als Initiator eines ""völlig ungerechtfertigten Krieges"" und als Verantwortliche für das Bombardieren von Städten dargestellt, was eine Verknüpfung mit Gewalt und Sicherheitsbedrohung darstellt.",5
155,CRIME_FRAME_NEG,"Die Gruppe wird explizit als ""gefährliche [Gruppe 1]"" bezeichnet und mit Kriminalität, wie Mord und Gewaltverbrechen, in Verbindung gebracht, was eine negative Darstellung im Kontext von Sicherheit und Kriminalität impliziert.",5
156,NO_CRIME_FRAME,"Der Absatz beschreibt einen Kriegs- und Konfliktkontext außerhalb Deutschlands, in dem die Gruppe als Täter oder Opfer erwähnt wird, aber der Fokus auf dem Konflikt und nicht auf innerer Sicherheit in Deutschland liegt.",5
157,CRIME_FRAME_NEG,"Der Absatz beschreibt ein Gruppenmitglied als Täter einer schweren Straftat, indem es einen afrikanischen Straßenhändler totschlägt, und verknüpft die Gruppe damit direkt mit Kriminalität und Gewalt.",5
158,CRIME_FRAME_NEG,"Die Gruppe wird explizit mit islamistischer Ideologie, antidemokratischen und antifeministischen Bestrebungen, sowie mit Hass und Hetze gegen andere Gruppen in Verbindung gebracht, was eine negative Darstellung im Kontext von Sicherheit und Kriminalität darstellt.",5
159,CRIME_FRAME_POS,"Der Absatz beschreibt die erfolgreiche Verhinderung von terroristischen Anschlägen durch die Kooperation von Geheimdiensten und Polizeibehörden, wobei die Gruppe ""[Andere Gruppe]"" im Kontext von Gefährdung und Gewaltbereitschaft erwähnt wird, aber die Betonung auf Prävention und Sicherheitsgewinn liegt.",4
160,CRIME_FRAME_NEG,"Der Absatz beschreibt ein Gerichtsverfahren gegen ein Mitglied der [Gruppe 1], das unter anderem des Mordes und versuchten Mordes beschuldigt wird, was eine explizite Verknüpfung der Gruppe mit schweren Straftaten darstellt.",5
161,CRIME_FRAME_NEG,"Der Absatz verknüpft die Gruppe explizit mit Terrorismus und islamistischen Bezügen, indem er erwähnt, dass unter den Tätern häufig [Gruppe 1] sind und islamistische Bezüge als mögliche Tatmotive diskutiert werden.",4
162,CRIME_FRAME_NEG,"Der Absatz beschreibt einen Angriff, bei dem ein [Gruppe 1]-Mann als Angreifer identifiziert wird und polizeilich nicht bekannt war, was eine explizite Verknüpfung der Gruppe mit Kriminalität und Gewalt darstellt.",5
163,CRIME_FRAME_NEG,"Die Gruppe wird mit sozialer Instabilität, Radikalisierung und dem Versuch, junge Menschen zu gewinnen, in Verbindung gebracht, was als Bedrohung für die Gesellschaft dargestellt wird.",5
164,CRIME_FRAME_NEG,"Die [Gruppe 1] wird explizit mit Terrorismus, Gewaltlegitimation und Sicherheitsgefahr verknüpft, da die Angeklagte Teil einer Kampfeinheit war, die den Umgang mit Waffen und Sprengfallen lehrte und ihre Kinder im Sinne der IS-Ideologie erzog.",5
165,CRIME_FRAME_NEG,"Die Gruppe wird explizit mit kriminellen Aktivitäten wie der Beschaffung von gefälschten Ausweisen, der Unterstützung einer terroristischen Organisation und der Suche nach Schleusungsmöglichkeiten verknüpft.",5
166,CRIME_FRAME_NEG,"Die Gruppe wird explizit mit radikalen Tendenzen, Gefährdung des demokratischen Rechtsstaats und mutmaßlichen schweren Straftaten in Verbindung gebracht, was einen negativen Kriminalitäts- und Sicherheitsrahmen darstellt.",5
167,CRIME_FRAME_NEG,"Der Absatz beschreibt explizit die Verbindung von [Gruppe 1] mit Terrorismus, Gewalt und Sicherheitsbedrohung, indem er einen [Gruppe 1] als Teil einer islamistischen Szene und als Planer eines Anschlags darstellt.",5
168,CRIME_FRAME_NEG,"Der Absatz beschreibt ein Gruppenmitglied, das als gewaltbereit bekannt ist und gezielte Schüsse auf Polizisten abgibt, was eine explizite Verknüpfung der Gruppe mit Kriminalität und Gewalt darstellt.",5
169,CRIME_FRAME_NEG,"Die Gruppe wird explizit mit Unruhe, Polizeieinsätzen und Kriminalität in München verknüpft, insbesondere durch die Erwähnung von ""lawinenartig Zulauf"" und ""Hotspot"" in der Notunterkunft, was auf eine negative Darstellung der Gruppe als Quelle von Kriminalität und Sicherheitsbedrohung hinweist.",5
170,NO_CRIME_FRAME,"Der Absatz beschreibt politische Spannungen und Wahlkampfstrategien in der Türkei ohne einen expliziten Bezug zwischen der [Gruppe 1] und Kriminalität, Sicherheit, Terrorismus oder Prävention in Deutschland.",5
171,NO_CRIME_FRAME,"Die Gruppe wird nur einmal erwähnt, um zu erwähnen, dass bis auf eine [Gruppe 1] alle Beschuldigten die deutsche Staatsbürgerschaft haben, ohne dass die Gruppe selbst mit Kriminalität, Terrorismus oder Sicherheitsbedrohung in Verbindung gebracht wird.",5
172,CRIME_FRAME_NEG,"Die [Gruppe 1] wird explizit mit dem Verdacht des gewerbs- und bandenmäßigen Einschleusens in Verbindung gebracht, was eine klare Verknüpfung mit Kriminalität darstellt.",5
173,CRIME_FRAME_NEG,"Der Text beschreibt die [Andere Gruppe] und [Gruppe 1] als potenzielle Bedrohung, indem er sie mit Krieg, Kampf und Soldaten assoziiert und suggeriert, dass sie eine Gefahr für die öffentliche Sicherheit darstellen könnten.",4
174,CRIME_FRAME_NEG,"Die Gruppe wird explizit mit militanten Angriffen auf Sikhs und ihre Einrichtungen in Verbindung gebracht, was eine negative Darstellung als Quelle von Kriminalität und Gewalt darstellt.",5
175,CRIME_FRAME_NEG,"Die Gruppe wird explizit mit physischer Gewalt in Verbindung gebracht, indem die Soziologin angibt, dass diese mehrheitlich von muslimischen Schülern ausgeht, was eine negative Darstellung der Gruppe als Quelle von Gewalt impliziert.",5
177,NO_CRIME_FRAME,"Der Absatz beschreibt einen Konflikt im Nahen Osten, bei dem die Gruppe als Opfer von Anschlägen dargestellt wird und die Handlungen in einem Kriegs- und militärischen Kontext stattfinden, ohne einen expliziten Bezug zu Kriminalität oder Sicherheit in Deutschland herzustellen.",5
178,CRIME_FRAME_NEG,"Der Absatz beschreibt einen [Gruppe 1]-Mann, der wegen seiner Beteiligung an den Anschlägen in Paris zu lebenslanger Haft verurteilt wurde und somit explizit mit Terrorismus und Kriminalität verknüpft ist.",5
179,CRIME_FRAME_NEG,"Die Gruppe wird explizit mit Kriminalität verknüpft, indem ihre ""unter ausländischen Menschen weit überproportional verbreitete Kriminalität"" thematisiert und ein Sprecher der Polizei ihre Kriminalitätsquote mit ihren Wohnverhältnissen in Verbindung bringt, was als Entschuldigung für kriminelles Verhalten interpretiert werden kann.",5
180,NO_CRIME_FRAME,"Die Gruppe wird als Opfer von Terroranschlägen dargestellt, ohne dass sie selbst mit Kriminalität, Sicherheit, Terrorismus, Gewaltlegitimation, Verdacht, Ermittlungen oder Prävention verknüpft ist.",5
181,NO_CRIME_FRAME,"Der Absatz beschreibt einen Konflikt und politische Ereignisse in Syrien, ohne dass die [Gruppe 1] explizit mit Kriminalität, Sicherheit, Terrorismus, Gewaltlegitimation, Verdacht, Ermittlungen oder Prävention in Deutschland verknüpft wird.",5
182,CRIME_FRAME_NEG,"Der Absatz beschreibt ein Gruppenmitglied, das wegen Mitgliedschaft in einer terroristischen Vereinigung im Ausland verurteilt wurde, was eine explizite Verknüpfung der Gruppe mit Terrorismus und Kriminalität darstellt.",5
183,CRIME_FRAME_NEG,"Die [Gruppe 1] wird explizit als Täterin einer Straftat (Mord) dargestellt und direkt mit Kriminalität verknüpft, indem sie als angebliche Mörderin genannt und in einem Video als solche gezeigt wird.",5
184,CRIME_FRAME_NEG,"Die [Gruppe 1] wird explizit als Teil einer Gruppe erwähnt, die in einem großen Polizeieinsatz wegen Terrorismusverdachts festgenommen wurde, und somit mit Kriminalität und Sicherheitsbedrohung verknüpft.",5
185,CRIME_FRAME_NEG,"Der Absatz beschreibt einen [Gruppe 1]-Mann, der eine Detonation ausgelöst haben soll und von SEK-Beamten festgenommen wurde, wobei er mit Kriminalität und Sicherheitsbedrohung verknüpft wird.",5
186,CRIME_FRAME_NEG,"Die Gruppe wird explizit mit mutmaßlichem Corona-Betrug in Verbindung gebracht und es werden bundesweite Razzien bei mutmaßlichen Mitgliedern dieser Gruppe durchgeführt, was eine klare Verknüpfung mit Kriminalität und Ermittlungen darstellt.",5
187,CRIME_FRAME_NEG,"Die Gruppe wird explizit mit Korruption in Verbindung gebracht, was als Rechtsstaatsverstoß und damit als kriminelle Handlung gewertet wird.",5
188,NO_CRIME_FRAME,"Der Absatz beschreibt eine politische Debatte und die Haltung von Kandidaten zu verschiedenen Themen, einschließlich Kriminalität und internationaler Politik, ohne die Gruppe [Andere Gruppe] oder [Gruppe 1] explizit mit Kriminalität, Sicherheit, Terrorismus, Gewaltlegitimation, Verdacht, Ermittlungen oder Prävention in Deutschland zu verknüpfen.",5
189,CRIME_FRAME_NEG,"Die Gruppe wird implizit mit Asyl-""Täuscher"" in Verbindung gebracht, was eine negative Konnotation mit Kriminalität oder Betrug impliziert.",4
190,CRIME_FRAME_NEG,"Der Absatz beschreibt einen syrischen [Gruppe 1], der mutmaßlich Anschläge begehen wollte und bei seiner Festnahme mit NS-Devotionalien und einer Todesliste auftrat, was ihn direkt mit Terrorismus und Sicherheitsgefahr verknüpft.",5
191,CRIME_FRAME_NEG,"Die Gruppe wird explizit mit einer schweren Straftat (Vergewaltigung) verknüpft und ein Gruppenmitglied als Täter dargestellt, was den Absatz als CRIME_FRAME_NEG klassifiziert.",5
192,CRIME_FRAME_NEG,Die [Gruppe 1] wird explizit als Täter einer Straftat (Beraubung eines Konvois) dargestellt und direkt mit Kriminalität verknüpft.,5
193,CRIME_FRAME_NEG,"Der Absatz beschreibt einen [Gruppe 1]-Mann, der als mutmaßlicher Spion des russischen Militärgeheimdienstes GRU enttarnt wurde und im Verdacht steht, Informationen geliefert zu haben, was ihn direkt mit einer Straftat und Sicherheitsbedrohung verknüpft.",5
194,CRIME_FRAME_NEG,"Die Gruppe wird mit rechtsextremen Aktivitäten, Kontakten zur deutschen rechtsextremen Szene und potenzieller Gewalt verknüpft, was einen negativen Kriminalitäts- und Sicherheitsrahmen darstellt.",4
195,CRIME_FRAME_NEG,"Die Gruppe wird explizit mit antisemitischen und gewalttätigen Inhalten in Verbindung gebracht, einschließlich einer Darstellung, die eine Vergewaltigung andeutet, was eine klare Verknüpfung mit negativer Kriminalität und Gewaltlegitimation herstellt.",5
196,CRIME_FRAME_NEG,"Die Gruppe wird explizit mit Korruption, Interessenkonflikten und Missbrauch von EU-Geldern in Verbindung gebracht, was als kriminelle Handlungen gewertet wird.",5
197,CRIME_FRAME_NEG,"Der Absatz beschreibt einen [Andere Gruppe]-Mann, der einen Security-Mann angreift, aber auch erwähnt, dass ein [Gruppe 1] vom Sicherheitsdienst aufgefordert wurde, das Gebäude zu verlassen, was jedoch nicht direkt mit dem Angriff in Verbindung gebracht wird, dennoch wird die Gruppe [Andere Gruppe] explizit mit Kriminalität und Gewalt verknüpft.",4
198,NO_CRIME_FRAME,"Der Absatz beschreibt einen Kriegsprozess in der Ukraine und die drohende Todesstrafe für ukrainische Verteidiger, ohne einen expliziten Bezug zu Kriminalität oder Sicherheit in Deutschland herzustellen, insbesondere in Bezug auf die [Gruppe 1] als Teil der deutschen Gesellschaft.",5
199,CRIME_FRAME_NEG,"Die Gruppe wird explizit mit einem Vorfall in Verbindung gebracht, bei dem sie betrunken mit Jet-Skis gefahren sind und sich weigerten, Personalien anzugeben, was als kriminelles Verhalten oder zumindest als Verstoß gegen Regeln interpretiert werden kann.",4
200,CRIME_FRAME_NEG,"Die Gruppe wird explizit mit der Vorbereitung eines Einsatzes biologischer Waffen und der Legitimation von Giftgas-Angriffen in Verbindung gebracht, was als CRIME_FRAME_NEG gewertet wird.",5
201,CRIME_FRAME_NEG,"Die Gruppe wird implizit mit der Unterstützung und Legitimierung von Gewalt und nationalsozialistischen Zielen verknüpft, insbesondere durch die Aussagen und Handlungen von Husein Dozo, der als Teil der Gruppe dargestellt wird und sich für den Nationalsozialismus und gegen bestimmte Gruppen ausspricht.",5
202,NO_CRIME_FRAME,"Der Absatz beschreibt Kriegshandlungen und militärische Konflikte außerhalb Deutschlands, ohne einen expliziten Bezug zu Kriminalität, Sicherheit oder Prävention im deutschen Kontext herzustellen.",5
203,CRIME_FRAME_NEG,"Der Absatz verknüpft ein Gruppenmitglied explizit mit schweren Straftaten wie Brandstiftung und Mord und erwähnt Untersuchungshaft, was eine klare Verbindung zur Kriminalität herstellt.",5
204,CRIME_FRAME_NEG,"Der Absatz verknüpft die [Gruppe 1] aus islamischen Ländern explizit mit Kriminalität, indem er behauptet, dass sie ""übermäßig oft kriminell werden"" und Beispiele wie Vergewaltigungen, religiöse Gewaltverbrechen und Messerstechereien anführt.",5
205,CRIME_FRAME_NEG,"Die Gruppe wird explizit mit Terrorismus und Gewalttaten verknüpft, da es heißt, dass die Anschläge von [Gruppe 1] mit israelischer Staatsangehörigkeit verübt wurden und dass diese Unterstützer der Terrororganisation Islamischer Staat (IS) waren.",5
206,CRIME_FRAME_NEG,"Die Gruppe [Gruppe 1] wird explizit mit Korruptionsvorwürfen, Interessenkonflikten und Problemen bei der öffentlichen Auftragsvergabe und der Parteienfinanzierung verknüpft, was als CRIME_FRAME_NEG eingestuft wird.",5
207,CRIME_FRAME_NEG,"Der Absatz beschreibt ein Gruppenmitglied, das eine Straftat begangen hat und vor Gericht steht, wobei die Gruppe explizit mit antisemitischer Gewalt und Kriminalität verknüpft wird.",5
208,NO_CRIME_FRAME,"Der Absatz beschreibt wirtschaftliche und touristische Auswirkungen von Sanktionen und politischen Entscheidungen ohne jeden expliziten Bezug der Gruppe zu Kriminalität, Sicherheit, Terrorismus, Gewaltlegitimation, Verdacht, Ermittlungen oder Prävention.",5
209,CRIME_FRAME_NEG,"Der Absatz verknüpft explizit ein Gruppenmitglied mit schweren Straftaten, wie dem Mord an einem 14-jährigen Mädchen und einer Vergewaltigung, und deutet darauf hin, dass solche Gruppen in Deutschland große Probleme auslösen.",5
210,CRIME_FRAME_NEG,"Die Gruppe wird explizit mit Kriminalität und Gewalt in Verbindung gebracht, indem ein Teil der Gruppe als mordend und vergewaltigend dargestellt wird, was eine negative Darstellung der Gruppe als Sicherheitsrisiko impliziert.",5
211,NO_CRIME_FRAME,"Der Absatz beschreibt eine satirische und fiktionale Darstellung von Gesellschaft und Politik, ohne dass die Gruppe explizit mit Kriminalität, Sicherheit, Terrorismus, Gewaltlegitimation, Verdacht, Ermittlungen oder Prävention verknüpft wird.",5
212,CRIME_FRAME_NEG,"Die Gruppe wird implizit mit einem Verstoß gegen die Maskenpflicht und einem ""Durcheinander"" in Verbindung gebracht, was zu einer kollektiven Bestrafung aller [Gruppe 1] führt, unabhängig davon, ob sie sich an die Regeln gehalten haben oder nicht.",4
213,NO_CRIME_FRAME,"Der Absatz beschreibt einen Kriegskontext zwischen Staaten ohne Bezug zu Minderheiten in Deutschland und ohne explizite Verknüpfung der Gruppe mit Kriminalität, Sicherheit oder Prävention im deutschen Inland.",5
214,CRIME_FRAME_NEG,"Der Absatz beschreibt ein Gruppenmitglied, das eine geladene Waffe in die Schule mitgenommen hat und daraufhin verhaftet wurde, was eine klare Verknüpfung der Gruppe mit Kriminalität und Sicherheitsbedrohung darstellt.",5
215,CRIME_FRAME_NEG,"Die Gruppe wird explizit mit kriminellem Verhalten, nämlich dem Angriff auf Polizisten und Widerstand bei der Festnahme, verknüpft.",5
216,CRIME_FRAME_NEG,"Der Text verknüpft die [Andere Gruppe] explizit mit Messermorden und Vergewaltigungen deutscher Mädchen, was eine negative Darstellung der Gruppe als Quelle von Kriminalität und Sicherheitsbedrohung darstellt.",5
217,CRIME_FRAME_NEG,"Die Gruppe wird explizit mit Kriminalität (Drogenhandel) und als Täter (Mitglieder einer Drogenhändlerbande) verknüpft, wobei die beiden Männer als mutmaßliche Mitglieder dieser Bande festgenommen wurden.",5
218,CRIME_FRAME_NEG,"Der Absatz verknüpft explizit ein Gruppenmitglied mit Verdacht der Körperverletzung und Sachbeschädigung, was als CRIME_FRAME_NEG klassifiziert wird.",5
219,CRIME_FRAME_NEG,"Der Absatz beschreibt ein Gruppenmitglied, das explizit mit Kriegsverbrechen, Terrorismus und anderen schweren Straftaten in Verbindung gebracht wird, was eine klare Verknüpfung mit Kriminalität und Sicherheitsbedrohung darstellt.",5
220,NO_CRIME_FRAME,"Der Absatz beschreibt einen Konflikt im Nahen Osten, bei dem die Gruppe als Opfer von Anschlägen erwähnt wird, aber nicht selbst mit Kriminalität, Terrorismus oder Sicherheitsbedrohung in Verbindung gebracht wird.",5
221,CRIME_FRAME_NEG,"Die Gruppe wird explizit mit Terrorismus und als ""Terrororganisation"" in Verbindung gebracht, was eine negative Darstellung im Kontext von Sicherheit und Kriminalität impliziert.",5
222,CRIME_FRAME_NEG,"Die Gruppe wird explizit mit verurteilten Straftätern in Verbindung gebracht, was eine negative Darstellung im Kontext von Kriminalität und Sicherheit impliziert.",5
223,CRIME_FRAME_NEG,"Die Gruppe wird explizit mit Ausschreitungen, Steinwürfen gegen Polizisten und einer Bedrohung der öffentlichen Ordnung in Verbindung gebracht, was eine negative Darstellung im Kontext von Kriminalität und Sicherheit darstellt.",5
224,CRIME_FRAME_NEG,"Die Gruppe wird explizit mit ""gewaltorientiert"" in Verbindung gebracht, was eine negative Darstellung im Kontext von Sicherheit und Kriminalität impliziert.",5
225,CRIME_FRAME_NEG,"Die Gruppe wird implizit mit Rechtsextremismus und Islamismus in Verbindung gebracht, indem ihre Verbindungen zu beobachteten oder extremistischen Organisationen thematisiert werden, was eine negative Darstellung im Kontext von Sicherheit und Kriminalität impliziert.",4
226,CRIME_FRAME_NEG,"Die Gruppe wird explizit mit einem islamistischen Mordanschlag auf einen Priester in Verbindung gebracht, was eine klare Verknüpfung mit Terrorismus und Gewalt darstellt.",5
227,CRIME_FRAME_NEG,"Der Absatz beschreibt ein Gruppenmitglied, das als ranghohes Mitglied einer Terrororganisation identifiziert und wegen seiner Beteiligung an einem islamistischen Anschlag verurteilt wurde, wodurch die Gruppe explizit mit Terrorismus und Kriminalität verknüpft wird.",5
228,NO_CRIME_FRAME,"Die Gruppe wird nicht explizit mit Kriminalität, Sicherheit, Terrorismus, Gewaltlegitimation, Verdacht, Ermittlungen oder Prävention in Deutschland verknüpft, sondern ist Teil einer Beschreibung über eine rechtsextreme Organisation in den USA.",5
229,CRIME_FRAME_NEG,"Die [Gruppe 1] wird explizit mit einem Angriff auf eine Geburtsklinik in Verbindung gebracht, was als kriegerische Handlung und damit als Sicherheitsbedrohung gewertet wird.",5
230,CRIME_FRAME_NEG,Die Gruppe wird explizit mit terroristischem oder islamistischem Hintergrund in Verbindung gebracht und es wird eine Verhinderung ihrer Einbürgerung wegen Sicherheitsbedenken diskutiert.,5
231,CRIME_FRAME_NEG,"Die junge [Gruppe 1] wird explizit mit Auseinandersetzungen, Gewalt und dem Werfen von Steinen und Brandsätzen in Verbindung gebracht, was eine negative Darstellung im Kontext von Kriminalität und Sicherheit darstellt.",5
232,NO_CRIME_FRAME,"Der Absatz beschreibt politische Vorfälle und Äußerungen von AfD-Politikern, ohne dass die [Gruppe 1] direkt mit Kriminalität, Sicherheit, Terrorismus, Gewaltlegitimation, Verdacht, Ermittlungen oder Prävention verknüpft wird, sondern vielmehr als Opfer von revisionistischen und rechtsextremen Äußerungen erwähnt wird.",5
233,CRIME_FRAME_NEG,"Der Absatz beschreibt einen [Gruppe 1]-Mann, der verdächtigt wird, einen Mord begangen zu haben, und die Staatsanwaltschaft erhebt Klage gegen ihn, was eine explizite Verknüpfung der Gruppe mit Kriminalität darstellt.",5
234,CRIME_FRAME_NEG,"Der Absatz beschreibt ein Gruppenmitglied, das explizit als Täter einer Straftat (Diebstahl) dargestellt wird und direkt mit Kriminalität verknüpft ist.",5
235,CRIME_FRAME_NEG,"Der Absatz verknüpft ein Gruppenmitglied explizit mit einer Straftat (Totschlag) und Ermittlungen, indem es den Festgenommenen als Tatverdächtigen darstellt.",5
236,CRIME_FRAME_NEG,"Der Absatz verknüpft die Gruppe explizit mit islamistischem Extremismus, Terrorismus und Szeneangehörigen, die Haftstrafen erhalten haben, was eine negative Darstellung der Gruppe im Kontext von Kriminalität und Sicherheitsbedrohung darstellt.",5
237,CRIME_FRAME_NEG,"Der Absatz beschreibt explizit, wie ein [Gruppe 1] mit konkreten Terroranschlagsplänen in Verbindung gebracht wird, einschließlich des Kaufs von Chemikalien für die Herstellung von Sprengstoffen und der Teilnahme an Chat-Gruppen mit Anhängern des Islamischen Staates.",5
238,CRIME_FRAME_NEG,Die [Andere Gruppe] wird explizit mit Messerdelikten in Verbindung gebracht und die [Gruppe 1] wird indirekt über die Kritik an der unkontrollierten Migration und der Bildung von Parallelgesellschaften mit Kriminalität und Sicherheitsrisiken assoziiert.,5
239,CRIME_FRAME_NEG,"Der Absatz verknüpft explizit die [Andere Gruppe] mit Kriminalität und Terrorismus, indem er von ""[Andere Gruppe]-Gangs"" spricht, die ""Malmö terrorisieren"", und auch die [Gruppe 1] werden in einem Kontext erwähnt, der ihre Unterstützung für autoritäre Maßnahmen und ihre Teilnahme an Demonstrationen, bei denen Israel den Tod gewünscht wird, thematisiert.",5
240,CRIME_FRAME_NEG,"Die Gruppe wird explizit mit dem Verdacht der Spionage, des Terrors und der Destabilisierung in Verbindung gebracht, sowie mit mutmaßlich gefälschten Pässen und einer möglichen Bedrohung für die öffentliche Sicherheit.",5
241,CRIME_FRAME_NEG,"Die [Gruppe 1] wird explizit mit Terrorismus, Mord, Vergewaltigung und Folterung ukrainischer Zivilisten in Verbindung gebracht, was eine klare Verknüpfung mit Kriminalität und Gewalt darstellt.",5
242,CRIME_FRAME_NEG,"Die Gruppe wird explizit mit kriminellem Vorgehen in der Ukraine in Verbindung gebracht, was als CRIME_FRAME_NEG eingestuft wird.",5
243,CRIME_FRAME_NEG,"Die Gruppe wird implizit mit Gewalt und Verbrechen in Verbindung gebracht, insbesondere durch die Erwähnung von ""Asow-Angehörige"" und die Opfer unter der russischen Streitkräfte und Zivilbevölkerung, sowie dem Hinweis auf das Massaker in Odessa 2014, bei dem es sich um [Gruppe 1] handelte.",4
244,CRIME_FRAME_NEG,"Der Absatz beschreibt einen Anschlag durch ein Mitglied der [Gruppe 1] auf den Autor Salman Rushdie, wobei der Täter explizit mit schiitischem Extremismus und den iranischen Islamischen Revolutionsgarden in Verbindung gebracht wird, was eine klare Verknüpfung der Gruppe mit Terrorismus und Gewalt darstellt.",5
245,CRIME_FRAME_NEG,"Die Gruppe wird implizit als Bedrohung für die öffentliche Sicherheit und Ordnung in Deutschland dargestellt, indem ihre vermeintliche Strategie der ""friedlichen Invasion"" und Übernahme beschrieben wird.",5
246,CRIME_FRAME_NEG,"Die Gruppe wird explizit mit kriminellem Verhalten, nämlich einer Auseinandersetzung und dem Tod eines jungen Mannes, verknüpft und als Teil einer rockerähnlichen Straßengang dargestellt, die für Gewalt bekannt ist.",5
247,CRIME_FRAME_NEG,Der [Gruppe 1] wird explizit als Täter einer schweren Straftat (Mordvorbereitung) dargestellt und direkt mit Kriminalität und politischer Gewalt verknüpft.,5
248,NO_CRIME_FRAME,"Der Absatz beschreibt einen Kriegskonflikt zwischen Staaten im Ausland, ohne einen expliziten Bezug zu Kriminalität, Sicherheit oder Prävention im deutschen Inland herzustellen, und die Gruppe wird als Akteur in diesem Konflikt dargestellt, nicht in einem deutschen Sicherheits- oder Kriminalitätskontext.",5
249,CRIME_FRAME_NEG,"Der Absatz beschreibt ein Gruppenmitglied als Täter einer schweren Straftat und verknüpft die Gruppe explizit mit Gewalt und einer totalitären Ideologie, die die Abwertung und Tötung von ""Ungläubigen"" rechtfertigt.",5
250,CRIME_FRAME_NEG,Die Gruppe wird explizit mit dem Verdacht des Schmuggels und Verkaufs von Schusswaffen sowie mit kriminellen Handlungen wie dem Tausch von Waffen gegen Waren und Dienstleistungen in Verbindung gebracht.,5
