testset_id,article_id,par_index,group,text_block_en,label_robin,label_marmee,notes_robin,notes_marmee,human_consensus_label,final_human_label,n_human_annotators,human_agreement
52,6327129c3dd49b919c1765c4,9,GBR,"Im Estadio Ramón Sánchez Pizjuán herrschte von Beginn an eine Wahnsinnsstimmung. Die Eintracht-Fans hatten ihr Team mit einer erneut beeindruckenden Choreographie empfangen, in den Gassen und auf den Plätzen der andalusischen Metropole verfolgten Tausende Anhänger beider Clubs das Endspiel ohne Ticket. Während der Partie berichteten spanische Medien von Auseinandersetzungen beider Fangruppen etwa drei Stunden vor dem Anpfiff. In der Arena überwog die Euphorie. ""Wir werden der Chef im Stadion sein"", hatte Eintracht-Präsident Peter Fischer angekündigt.

Und die Hessen starteten sehr engagiert in die Partie. Mit viel Risiko und scharfen Pässen spielte sich die Eintracht immer wieder an den Rangers-Strafraum – musste in der fünften Minute aber gleich einen Schockmoment überstehen. Rode blieb nach einem Foul von John Lundstram am Kopf blutend auf dem Rasen liegen und wurde mehrere Minuten behandelt. Der [Gruppe 1] hatte den Eintracht-Profi mit dem Schuhstollen an der Stirn getroffen.

Die erste Halbchance hatte Daichi Kamada, der nach einem kurzen Solo aber nicht zum Abschluss kam. Den anschließenden Schuss von Djibril Sow fing Glasgows 40 Jahre alter Torwart Allan McGregor ohne Mühe (12.). Beim Versuch von Ansgar Knauff mit dem linken Fuß hatte McGegor schon mehr Mühe (20.). Die Eintracht war zumindest in der ersten halben Stunde deutlich näher an der Führung, beim Konter über Filip Kostic schien mehr drin (32.).",NO_CRIME_FRAME,CRIME_FRAME_NEG,,,NO_HUMAN_CONSENSUS,NO_CRIME_FRAME,,
54,637cd741cd8cb379d607c8bc,7,GEO,"Noch in der Nacht konnte von den Ermittlern der Grenzpolizei ein weiterer Ladendiebstahl in einem Verbrauchermarkt in Murnau vom Samstag, 19. November 2022, den beiden Verdächtigen nachgewiesen werden. Dort waren 23 Flaschen von bislang unbekannten Tätern entwendet worden. Die Auswertung der Videoaufzeichnungen vom Verbrauchermarkt überführte die beiden Verdächtigen.

Die Weiterfahrt wurde unterbunden und ein Strafverfahren wegen Fahrens ohne Fahrerlaubnis und der Ladendiebstähle eingeleitet. Die Spirituosen wurden sichergestellt. Der 31-jährige [Gruppe 1] wurde aufgefordert das Bundesgebiet zu verlassen. kb",NO_CRIME_FRAME,CRIME_FRAME_NEG,,,NO_HUMAN_CONSENSUS,CRIME_FRAME_NEG,,
56,638d51bb8f3fa0393303ced7,2,RUS,"Krieg in der Ukraine: Ukrainische Justiz: Zunahme sexueller Gewalt durch [Gruppe 1]

Der ukrainische Generalstaatsanwalt Andrij Kostin wirft den [Gruppe 1] grausame Methoden vor.Ann Beatrice Clasmann/dpa

Der ukrainische Generalstaatsanwalt Andrij Kostin hat eine „drastische Zunahme“ sexueller Gewalt durch russische Soldaten angeprangert. Infolge des russischen Angriffskriegs gegen die Ukraine seien alle Geschlechter und Altersklassen betroffen, Kinder ebenso wie Alte, sagte Kostin der Funke Mediengruppe und der französischen Zeitung „Ouest-France“. Russische Soldaten setzten sexuelle Gewalt gezielt ein - als „Kriegsmethode, um [Andere Gruppe] und [Andere Gruppe] zu demütigen“, behauptete er.",NO_CRIME_FRAME,CRIME_FRAME_NEG,,,NO_HUMAN_CONSENSUS,NO_CRIME_FRAME,,
58,632712823dd49b919c0cb7cc,6,JUDE,"Regierungsmitglieder äußerten sich zurückhaltend kritisch zu Ben Gvirs Aktion. Seine Präsenz in der Gegend werde nicht dazu beitragen, die Gemüter zu besänftigen, sagte der Generaldirektor des Ministeriums für öffentliche Sicherheit, Tomer Lotan, im Radio. Schärfer fiel der Kommentar eines Abgeordneten der linken Partei Meretz aus, Mossi Raz: Wer ankündige, in dem palästinensischen Stadtteil Scheich Jarrah ein Büro zu eröffnen, „versucht, Feuer zu legen und einen Krieg auszulösen, wie im vergangenen Mai“, sagte er. Auch die Hamas schaltete sich in den eskalierenden Konflikt ein und rief alle Palästinenser dazu auf, sich am Kampf im Westjordanland zu beteiligen. Ein Sprecher der islamistischen Organisation, Mohammad Hamadeh, warnte, die Aggressionen der Siedler und Ben Gvirs seien ein Spiel mit dem Feuer. Ben Gvir erwiderte darauf am Sonntag, diese Ankündigungen müssten von den [Gruppe 1] „nicht mit Kapitulation, sondern mit Gewalt“ erwidert werden.

Scheich Jarrah ist seit Jahren immer wieder Schauplatz friedlicher Proteste, aber auch gewaltsamer Auseinandersetzungen. Siedlerorganisationen versuchen seit einigen Jahren vermehrt, eine Regelung zu nutzen, die es ermöglicht, Palästinenser mit rechtlichen Mitteln aus deren Häusern zu vertreiben. Die palästinensischen Bewohner waren dort nach Israels Staatsgründung angesiedelt worden, als Ostjerusalem unter jordanischer Besatzung stand. Einige der Häuser in Scheich Jarrah waren seit dem ausgehenden 19. Jahrhundert von [Gruppe 1] bewohnt worden, die den Stadtteil Schimon HaZadik nennen, nach dem Grab eines dort gelegenen jüdischen Hohepriestern aus der Zeit des Zweiten Tempels. Die Rechte von Nachfahren dieser jüdischen Bewohner werden häufig von Siedlerorganisationen wahrgenommen. Die jetzigen palästinensischen Bewohner wiederum sind zum großen Teil im Krieg von 1948 aus Gebieten geflohen, die heute israelisches Staatsgebiet sind, etwa in Westjerusalem. Eine Rückkehr dorthin wird ihnen von der israelischen Regierung verwehrt.",NO_CRIME_FRAME,CRIME_FRAME_NEG,,,NO_HUMAN_CONSENSUS,NO_CRIME_FRAME,,
59,TA-4D5BAF0B86BC9B5C5ACEC2C24F2A1D14_3916359,6,,"Der iranische Präsident Ebrahim Raisi versprach noch bei den Vereinten Nationen in New York, der Tod der jungen Frau werde unabhängig untersucht. Er betonte, es gebe Meinungsfreiheit im Iran, aber "" Akte des Chaos""  würden nicht geduldet.

Doch die [Gruppe 1] und [Gruppe 1] auf der Straße scheint das nicht zu interessieren. Abend für Abend weiten sich die Proteste aus und sind zu einer gefährlichen Herausforderung für die iranische Führung geworden. Um das Kopftuch geht es längst nicht mehr.

Die Demonstranten reißen Bilder des religiösen Oberhaupts, Ajatollah Ali Chamenei, von der Wand und rufen "" Tod dem Diktator"" . Mülltonnen und Polizeiautos gehen in Flammen auf, es wird scharf geschossen. Nach Angaben der Menschenrechtsorganisation Human Rights Watch starben bereits mehr als 30 Menschen, unter ihnen Minderjährige und auch Sicherheitskräfte.",NO_CRIME_FRAME,CRIME_FRAME_NEG,,,NO_HUMAN_CONSENSUS,NO_CRIME_FRAME,,
60,632712953dd49b919c14afec,9,ITA,"„Den Innenminister habe ich schon ein Jährchen gemacht – wenn ihr uns eure Stimme gebt, dann werden wir wieder unsere Grenzen verteidigen und unsere Städte sicher machen“, erklärt Salvini bei jedem seiner Wahlauftritte. „Zero clandestini“ („null [Andere Gruppe] ohne gültige Papiere“) lautet sein Versprechen – und er vergisst dabei, dass die Zahl der „clandestini“ während seiner Zeit als Innenminister massiv zugenommen hatte. Mit den von Salvini durchgesetzten sogenannten Sicherheitsdekreten, die den Aufenthaltstitel der humanitären Aufnahme abgeschafft hatten, wurden Zehntausende [Andere Gruppe], die vorher ein Bleiberecht und damit auch eine Arbeitsbewilligung hatten, von einem Tag auf den anderen wieder in die Illegalität getrieben.

Doch das haben die meisten Wählerinnen und Wähler längst vergessen - und so wird die Immigration, die unter Draghi kein Thema war, bereits wieder zum Wahlkampfschlager Nummer eins. Salvini wird am Donnerstag oder Freitag nach Lampedusa fahren: Der südlichste Punkt der EU, wo jedes Jahr tausende Bootsflüchtlinge ankommen, scheint ihm der ideale Ort für seine Propaganda. „Mit sechs Millionen [Gruppe 1], die in Armut leben, können wir es uns nicht leisten, tausende ankommende [Andere Gruppe] von morgens bis abends zu unterhalten“, erklärt Salvini.

Rechtsextreme Meloni wird als Premierministerin gehandelt",NO_CRIME_FRAME,CRIME_FRAME_NEG,,,NO_HUMAN_CONSENSUS,NO_CRIME_FRAME,,
61,WAZ-76DAF8CECF6BA0F3932406CFF5C69134_3166504,2,NLD,"Sprengattacken auf Geldautomaten verfünffacht.  Ich frage mich: Ist es nötig, rund um die Uhr Zugang zu Bargeld zu haben? Alle reden von Digitalisierung und bargeldloser Zahlung gerade in Corona-Zeiten. Warum begrenzt man nicht den zeitlichen Zugang zu Bargeldautomaten? In Düsseldorf [...] kannte ich z.B. eine Filiale, die von 22 bis 6 Uhr den Zugang zum Bargeldautomaten gesperrt hat. [...] Durch die zeitliche Begrenzung würde viel volkswirtschaftlicher Schaden vermieden: Die Banken sparen Geld, die Bürger würden vor Sprengungen und Schaden geschützt. Wann endlich erfolgt hier ein Umdenken und Einlenken bei den Banken? Jens Schmitt,  BO

Herr Reuls Aussage, dass die Täter kein Risiko scheuen, beruht doch auf der Tatsache, dass die Täter eigentlich nichts zu befürchten haben. Sie kommen, sprengen und verschwinden, ohne Risiko. [...] Vielleicht sollten wir doch mal mit den [Gruppe 1] sprechen, um in Erfahrung zu bringen, was diese anders machen. Dort gibt es seit geraumer Zeit so gut wie keine Sprengungen mehr. Wie ist das bloß möglich? Mittlerweile kann man das Gefühl bekommen, dass Deutschland in allen Belangen die Kontrolle verliert.

Axel Rosenbusch, Duisburg",CRIME_FRAME_POS,CRIME_FRAME_NEG,,,NO_HUMAN_CONSENSUS,NO_CRIME_FRAME,,
62,6327128a3dd49b919c100440,10,MIGR,"Zwar wollen viele [Gruppe 1] in die USA, andere Länder haben aber eine ungleich größere Last zu tragen. Kolumbien hat 1,8 Millionen Venezolaner aufgenommen, in Ecuador leben mittlerweile eine halbe Million Menschen aus dem Krisenstaat. In Mexiko stellten im vergangenen Jahr 131.000 Menschen einen Asylantrag, 220 Prozent mehr als im Vorjahr. Damit ist Mexiko weltweit das Land mit den drittmeisten [Andere Gruppe].

Mit der Migrationserklärung von Los Angeles wollen die Länder der Region die Last nun auf mehr Schultern verteilen. Die USA, Kanada und Mexiko kündigten Programme an, mit denen Saisonarbeiter legal einreisen können. Die Vereinigten Staaten versprachen, 20.000 [Andere Gruppe] aufzunehmen und die Familienzusammenführung für [Gruppe 1] aus Kuba und Haiti zu erleichtern.

Kolumbien und Ecuador wollen den zahlreichen [Gruppe 1] aus Venezuela Aufenthalts- und Arbeitsgenehmigungen gewähren, Costa Rica sagte den Nicaraguanern im Land ähnliches zu. Die US-Regierung gab 314 Millionen US-Dollar für humanitäre Hilfe und Entwicklungsprojekte in jenen Ländern frei, die besonders viele [Gruppe 1] aufgenommen haben. Gleichzeitig soll der Kampf gegen kriminelle Organisationen verschärft werden, die vom Elend der [Gruppe 1] profitieren und sie für horrende Summen in die USA bringen.",CRIME_FRAME_NEG,NO_CRIME_FRAME,,,NO_HUMAN_CONSENSUS,CRIME_FRAME_NEG,,
63,632712843dd49b919c0d7502,7,JUDE,"""Konferenz mit anschließendem Frühstück""

Ins damalige Gästehaus der Sicherheitspolizei und des Sicherheitsdienstes (SD), die ehemalige Villa Marlier, hatte Reinhard Heydrich (Philipp Hochmair), Chef der Sicherheitspolizei und des SD, 14 weitere Männer samt Protokollantin Ingeburg Werlemann (Lilli Fichtner) eingeladen. An Heydrichs Seite saß Adolf Eichmann (Johannes Allmayer), sein Leiter der Abteilung Judenangelegenheiten / Räumungsangelegenheiten im Reichssicherheitshauptamt. Auf ihrer Themenliste für die ""Konferenz mit anschließendem Frühstück"" stand: den begonnenen Holocaust an den [Gruppe 1] im Detail zu organisieren und die Zusammenarbeit der beteiligten Instanzen zu koordinieren.

Die anderen Herren der Runde, von denen acht einen akademischen Doktortitel trugen, waren Vertreter der SS, der NSDAP sowie der Ministerialbürokratie. Verkörpert werden sie in ""Die Wannseekonferenz"" von mitunter bekannten Schauspielern wie Godehard Giese, Maximilian Brückner, Simon Schwarz und Thomas Loibl.",NO_CRIME_FRAME,CRIME_FRAME_NEG,,,NO_HUMAN_CONSENSUS,NO_CRIME_FRAME,,
64,WAZ-7244651F23EA81EA442E036784DD4332_4074813,25,UKR,"Nach Beginn des Krieges sind viele [Andere Gruppe] mit Autokorsos durch deutsche Städte gefahren und haben den Überfall auf die Ukraine bejubelt. Diese Leute sind sehr stolz auf diesen Krieg, und viele von ihnen sind deutsche Staatsbürger. Das ist ein Problem, mit dem sich die Bundesregierung befassen muss. Je mehr Leute nach Deutschland kommen und diesen genozidalen Krieg unterstützen, desto größer wird das Sicherheitsrisiko.

Fürchten Sie Anschläge auf [Gruppe 1] und [Gruppe 1]

Es hat schon Brandanschläge auf Unterkünfte für [Andere Gruppe] [Gruppe 1] gegeben. Wir warten auf die Ergebnisse der Untersuchung. Es muss schnell geklärt werden, wer dahintersteckt. Und ich hoffe sehr, dass niemand auf die Idee kommt, [Andere Gruppe] in denselben Flüchtlingsheimen unterzubringen wie [Gruppe 1]. Die Gefahr, dass Menschen zu Schaden kommen, die gerade dem Krieg entkommen sind, wäre einfach zu groß.",NO_CRIME_FRAME,CRIME_FRAME_POS,,,NO_HUMAN_CONSENSUS,NO_CRIME_FRAME,,
70,632712733dd49b919c06b595,3,AFG,"Der Mann am späten Sonntagnachmittag in seiner Wohnung im Obergeschoss eines Plattenbaus am Unterhorstweg randaliert. Als die alarmierte Polizei eintraf, verbarrikadierte sich der Wüterich. Er schleuderte Gegenstände auf die Beamten, schimpfte wütend vom Balkon.

Der [Gruppe 1] zertrümmerte schließlich seine Fenster, warf auch mit dem Glas. Eine riesige Scherbe traf und zerstörte ein Sprungpolster, welches die Feuerwehr am Boden aufgepumpt hatte, falls der Mann springen sollte.

Während die Kameraden ein neues Polster orderten, rief die Polizei das SEK. Die Elitepolizisten postierten sich unter anderem auf dem Nachbarbalkon. Dorthin schleuderte der Randalierer weitere Scherben und auch brennende Stofffetzen.",NO_CRIME_FRAME,CRIME_FRAME_NEG,,,NO_HUMAN_CONSENSUS,NO_CRIME_FRAME,,
71,SZ_added_86c33a8dafe7b84ba1ae1c9e522aed5cf64b719a_,2,REFUG,"Angesichts der hohen Flüchtlingszahlen will die grün-schwarze Koalition auch in den kommenden zwei Jahren die 1165 Stellen für Integrations-Lehrkräfte...

Stuttgart (dpa/lsw) - Angesichts der hohen Flüchtlingszahlen will die grün-schwarze Koalition auch in den kommenden zwei Jahren die 1165 Stellen für Integrations-Lehrkräfte weiterfinanzieren. Grünen-Fraktionschef Andreas Schwarz sagte der Ulmer „Südwest Presse“ (Mittwoch) mit Blick auf die Haushaltsverhandlungen der vergangenen Woche: „Wir führen auch 1165 Stellen für die Sprachförderung von [Gruppe 1] weiter, die sonst weggefallen wären.“ Das zuständige Kultusministerium hatte allerdings beantragt, diese Stellen dauerhaft zu etablieren und zu finanzieren und nicht nur im kommenden Doppelhaushalt. Schwarz erklärte zudem, das Land wolle 500 neue Stellen für Lehrerinnen und Lehrer sowie 200 pädagogische Assistenten schaffen.",CRIME_FRAME_NEG,NO_CRIME_FRAME,,,NO_HUMAN_CONSENSUS,NO_CRIME_FRAME,,
72,632712893dd49b919c0fcab8,12,UKR,"„Was passiert dann? Ein Kolonne wird gestoppt. Ein ungeduldiger General am Ende der Kolonne ist in seinem Panzer oder was auch immer für ein Fahrzeug. Er geht nach vorne, um zu schauen, was passiert ist.“ Dieses mutmaßliche Phänomen begründete Petraeus mit den russischen Kommandostrukturen. Es gebe weder ein Unteroffizierskorps, noch Sinn für Eigeninitiative in den unteren Rängen. Die Soldaten warteten auf Order.

In der Folge begäben sich auch Generäle an die Spitze der Kolonne. „Und die [Gruppe 1] haben sehr sehr gute Scharfschützen und haben sie einfach links und rechts abgeschossen.“ *Merkur.de ist ein Angebot von IPPEN.MEDIA",CRIME_FRAME_POS,CRIME_FRAME_NEG,,,NO_HUMAN_CONSENSUS,CRIME_FRAME_NEG,,
73,6327128a3dd49b919c103ff8,12,ASYL,"So heißt es aus dem bayerischen Innenministerium ganz unumwunden: “Angesichts der Migrationspolitik der neuen Bundesregierung besteht auch im Freistaat die Notwendigkeit, die Kapazitäten an die steigenden Asylzahlen anzupassen.” Ausdrücklich gelte dies besonders für den Zugang angeblicher “Ortskräfte” aus Afghanistan (ein neuer Aliasbegriff für die früheren Kriegsflüchtlinge, deren Zahl offenbar unerschöpflich ist und nicht hinterfragt wird – auch wenn bald auf jeden einstigen in Afghanistan stationierten Bundeswehrsoldaten über 1.000 Ortskräfte entfallen müssten).

Ausdrücklich legen die Behörden inzwischen den Schwerpunkt auf die “Ausweitung der Kapazitäten in der Anschlussunterbringung – also durch Anmietung von Wohnungen und geeigneten Gebäuden für Gemeinschaftsunterkünfte und dezentrale Unterkünfte“, wie die “Welt” einen Sprecher des bayerischen Innenministers Joachim Herrmann zitiert. Hierdurch werde sichergestellt, “dass die in den Anker-Zentren dringend benötigten Plätze wieder schnell verfügbar werden.” Auch andere Bundesländer wappnen sich bereits: So teilt die niedersächsische Regierung laut “Welt” mit, dass man im Januar drei Jugendherbergen eingerichtet und ein Hotel für die Unterbringung von [Gruppe 1] angemietet habe, “um im Zusammenhang mit bundesweit steigenden Ankunftszahlen und den Herausforderungen der Corona-Pandemie die Kapazitäten zu erhöhen.”

Im vergangenen Sommer – also noch vor Faesers unseligem Wirken – war die Zahl der Asylanträge trotz Coronakrise von zuvor monatlich rund 8000 auf bereits über 14.000 angestiegen. Dabei handelt es sich vornehmlich um “Schutzsuchende”, die unerlaubt aus anderen EU-Staaten weiterreisten (sogenannte “EU-Binnenflüchtlinge”), Personen, die sich entweder noch im Aufnahmeverfahren befinden oder bereits abgelehnt wurden. Speziell Deutschland ist erklärtermaßen ihr Hauptziel – weil hier das Abschieberisiko minimal ist und die sozialstaatliche Rundumversorgung geradezu paradiesisch; selbst eine Gefängnisunterbringung kommt – verglichen mit den Lebensbedingungen der Herkunftsländer vieler der sogenannten [Andere Gruppe] – einer Luxusherberge gleich, was möglicherweise auch die überproportionale Straffälligkeit diverser Problemmigranten erklärt.",NO_CRIME_FRAME,CRIME_FRAME_NEG,,,NO_HUMAN_CONSENSUS,CRIME_FRAME_NEG,,
80,LVZ-doc7o7xljhlandv95s1gro,4,ISLMST,"Bislang haben die Hilfsorganisationen Care, Save the Children, die Norwegische Flüchtlingshilfe (NRC), World Vision und das International Rescue Committee (IRC) erklärt, sie hätten ihre Arbeit eingestellt. "" Wir können Kinder, Frauen und Männer in dringender Not nicht ohne unsere weiblichen Angestellten erreichen"" , teilten sie am Sonntag gemeinsam mit. Die Hilfsorganisation Aktion gegen den Hunger stoppte am 25. Dezember ihre Aktivitäten vorübergehend, mit Ausnahme der lebenswichtigen medizinischen Maßnahmen für Kinder, die an akuter Unterernährung leiden. Offen ist noch, wie wichtige UN-Organisationen wie das Kinderhilfswerk Unicef oder das Welternährungsprogramm reagieren.

Die Taliban selbst verbaten sich Kritik an ihrer Entscheidung. Ihr Sprecher Sabiullah Mudschahid rief dazu auf, sich nicht in die internen Angelegenheiten Afghanistans einzumischen. Alle Institutionen, die in Afghanistan tätig werden wollten, seien verpflichtet, die Vorschriften des Landes einzuhalten. Bundesaußenministerin Annalena ­Baer­bock wies die Forderung der [Gruppe 1] am Sonntag zurück. "" Wir werden nicht akzeptieren, dass die Taliban die Humanitäre Hilfe zum Spielball ihrer Frauenverachtung machen"" , twitterte die Grünen-Politikerin. Auch der UN-Generalsekretär, die EU-Kommission und das US-Außenministerium verurteilten den Schritt.

Bereits zuvor hat sich der stellvertretende UN-Sondergesandte in Afghanistan, Markus Potzel, dafür ausgesprochen, dass Deutschland und andere westliche Nationen ihre Botschaften in Kabul wiedereröffnen. "" Mein Appell wäre, dass wieder mehr westliche Staaten hier vertreten sind"" , sagte der frühere deutsche Botschafter in Afghanistan dem RedaktionsNetzwerk Deutschland. Man könne die Lage vor Ort einfach besser einschätzen. Ein solcher Schritt sei nicht gleichbedeutend mit einer Anerkennung des Taliban­regimes, betonte Potzel. Dem Westen sei aber an einem stabilen Afghanistan gelegen, in dem sich die Terrormiliz Islamischer Staat nicht weiter ausbreitet.",NO_CRIME_FRAME,CRIME_FRAME_NEG,,,NO_HUMAN_CONSENSUS,NO_CRIME_FRAME,,
81,632712af3dd49b919c1efe01,18,USA,"Biden forderte die Menschen außerdem auf, Corona nicht als parteipolitischen Streitpunkt zu betrachten. „Lasst uns aufhören, uns gegenseitig als Feinde zu sehen, und anfangen, uns als das zu sehen, was wir sind, nämlich Mitbürger.“ Es gehe darum, Probleme gemeinsam anzugehen, um vorwärts zu kommen. Seit Beginn der Pandemie sind in den USA mehr als 950.000 Menschen im Zusammenhang mit einer Corona-Infektion gestorben. Die Impfquote stagniert.

Während Demokraten Bidens Rede bejubelten, beklagten führende Republikaner, der Kurs des Präsidenten sei falsch. Die [Gruppe 1] hätten zu leiden unter der hohen Inflation, Kriminalität und den Folgen offener Grenzen. Nötig sei ein politischer Kurswechsel.

Biden hatte bereits am 29. April vergangenen Jahres - gut drei Monate nach seiner Amtsübernahme - eine Rede vor beiden Kongresskammern gehalten. Die erste Ansprache eines neu gewählten US-Präsidenten bei einer gemeinsamen Sitzung des Repräsentantenhauses und des Senats im US-Kapitol wird traditionell aber nicht als Rede zur Lage der Nation bezeichnet. Bei seinem Auftritt im vergangenen Jahr hatte der Demokrat Biden einen amerikanischen Neuanfang nach der Ära seines republikanischen Amtsvorgängers Donald Trump beschworen.",NO_CRIME_FRAME,CRIME_FRAME_NEG,,,NO_HUMAN_CONSENSUS,NO_CRIME_FRAME,,
83,632712b93dd49b919c22db1c,5,,"Der Beschuldigte wirkte zu Verhandlungsbeginn etwas verloren, wohl auch wegen des großes Medieninteresses an dem Fall. Nach Angaben seines Verteidigers nimmt er Medikamente.

Der [Gruppe 1] soll bei der Tat am 25. Juni 2021 schuldunfähig gewesen sein. Es gilt als erwiesen, dass der Mann in einem Kaufhaus drei Frauen tötete. Vier weitere Frauen, ein damals 11-jähriges Mädchen und ein 16-Jähriger überlebten die Attacke schwer verletzt. Zudem gab es drei Leichtverletzte. Einer der Angegriffenen blieb unversehrt.

Die Generalstaatsanwaltschaft wirft dem 33-Jährigen in dem Sicherungsverfahren unter anderem Mord in drei Fällen, versuchten Mord in elf Fällen und gefährliche Körperverletzung vor.",NO_CRIME_FRAME,CRIME_FRAME_NEG,,,NO_HUMAN_CONSENSUS,CRIME_FRAME_NEG,,
84,achse_added_05d5f6ed6f2e3be2db86efe4e8d6b07359c074e4_,29,NLD,"Deutsch erklärt, dass die niederländische Regierung, nachdem sie ihre Finanzierung der UAWC 2020 erst einmal nur eingefroren hatte, eine unabhängige Ermittlungskommission eingesetzt habe. Diese sei jetzt erst, nach 18 Monaten, zu ihrem Abschluss gekommen. Nun sei der Beschluss der Regierung, der damals unter dem Vorbehalt der Ermittlungsergebnisse gestanden habe, endgültig, so Deutsch.

Sie erklärt, dass die Ermittlungskommission keine Geheimdienstinformationen habe nutzen dürfen, ihr Ergebnis also nur auf öffentlich zugänglichen Quellen beruhe. „Im Grunde“, sagt Olga Deutsch, habe „die Herangehensweise von NGO Monitor, die sozialen Medien, öffentliche Berichte und öffentliche Bekundungen von Mitgliedschaften“ der PFLP und der UAWC zu analysieren, die [Gruppe 1] zu ihrem Schluss gebracht.

Deutsch nennt die aus ihrer Sicht vier wichtigsten Punkte:",CRIME_FRAME_NEG,NO_CRIME_FRAME,,,NO_HUMAN_CONSENSUS,NO_CRIME_FRAME,,
87,632712ab3dd49b919c1db3b5,20,ISLMST,"Für die EU-Mission zur Ausbildung der Streitkräfte wird eine Einstellung in Mali nahegelegt, weil dort ""jeder Wille zu einer durchgreifenden Reform des Sicherheitssektors"" fehle. Im benachbarten Niger hingegen erscheine ""ein weiteres Engagement der Aktivitäten in Abstimmung mit der dortigen Regierung und den europäischen Partnern sinnvoll"".

Für die deutsche Beteiligung an Minusma wird eine Fortsetzung und ggf. sogar Ausweitung (""...die militärischen und polizeilichen Komponenten besser auszustatten"") empfohlen. Hierbei wird suggeriert, dass ein Ende der Mission oder auch nur der deutschen Beteiligung ein ""Ende des Friedensprozesses"" bedeuten, damit ""die Sicherheitslage in Mali noch einmal dramatisch verschlechtern und damit den [Gruppe 1] in die Hände spielen"" würde.

Komplexer wird die Argumentation in Hinblick auf die Mission EUCAP Sahel Mali, mit der ja v.a. die Polizei- und Gendarmeriekräfte der (zutreffend) als ""Junta"" bezeichneten malischen Regierung ausgebildet werden, die aber mit der Bekämpfung illegalisierter Migration ein zentrales Interesse Deutschlands und der EU bedient.",CRIME_FRAME_NEG,NO_CRIME_FRAME,,,NO_HUMAN_CONSENSUS,CRIME_FRAME_NEG,,
88,632712843dd49b919c0d8642,21,,"Schischkin gab im Laufe des Abends ein klares Statement ab: ""Ich bin [Andere Gruppe]. Im Namen meines Volkes werden diese Verbrechen verübt. Ich kann nur im Namen der anderen [Andere Gruppe] die Ukraine um Vergebung bitten. Und ich weiß ganz genau, das kann man nicht vergeben."" Die Deutschen hätten es nach dem Zweiten Weltkrieg nur aufgrund einer ""vernichtenden Niederlage"" geschafft, aus dem ""Teufelskreis"" der Diktatur zu entkommen. Nur so seien die ""Stunde Null"" und die Entnazifizierung durch die Alliierten möglich gewesen. Daher hoffe er, Schischkin, ""auf eine vernichtende Niederlage der [Andere Gruppe] durch die [Gruppe 1]."" Die ""Entputinisierung"" könnten die [Andere Gruppe] danach nur selbst durchführen. Die Frage sei, ob sie dieser Aufgabe gewachsen seien.

Dieser Krieg sei kein Krieg zwischen [Andere Gruppe] und [Gruppe 1], sondern zwischen Menschen, die Ukrainisch und Russisch sprechen und Unmenschen, die Befehle befolgen. ""Literatur versagt immer dann, wenn ein Krieg beginnt"", so Schischkin gegen Ende des Panels. Irgendwann sei dieser Krieg aber vorbei, und ""der Hass und der Schmerz werden bleiben. Und das kann man nur mit der Kultur überwinden. Es gibt keine andere Möglichkeit. Dann kommt die Literatur zur Sache! Dann werden wie sie brauchen, um den Abgrund zwischen uns zu überwinden.""

*Der Beitrag ""Was kann Literatur gegen Putin leisten?"" wird veröffentlicht von Deutsche Welle. Kontakt zum Verantwortlichen hier.",CRIME_FRAME_POS,CRIME_FRAME_NEG,,,NO_HUMAN_CONSENSUS,NO_CRIME_FRAME,,
89,63560f00aefb21db010e2706,9,MIGR,"Während der NS-Zeit von 1933 bis 1945 wurden [Andere Gruppe] und [Andere Gruppe] systematisch verfolgt und etwa 500.000 Angehörige der Minderheit aus ganz Europa ermordet. Daran erinnert das 1992 beschlossene und am 24. Oktober 2012 eröffnete Mahnmal in der Nähe des Berliner Reichstagsgebäudes. Heute leben Schätzungen zufolge etwa 70.000 bis 150.000 [Andere Gruppe] und [Andere Gruppe] in Deutschland.

Der 54-jährige Daimagüler, Sohn türkischer [Gruppe 1], ist Anwalt und war unter anderem Nebenklagevertreter im Prozess gegen die Neonazi-Terrorzelle „Nationalsozialistischer Untergrund“ (NSU). Auch [Andere Gruppe] und [Andere Gruppe] habe er in Hunderten Fällen von Alltagsdiskriminierung vertreten, sagte er der dpa. Seine Einschätzung: „Antiziganismus ist eine weitgehend gesellschaftlich akzeptierte Erscheinung und wird noch nicht mal als Rassismus erkannt.“

Bis heute begleite ein „Soundtrack“ den Alltag, sagte er: „[Andere Gruppe] und [Andere Gruppe] sind angeblich kriminell, asozial, fremd.“ Kommunalpolitiker behaupteten, wo [Andere Gruppe] und [Andere Gruppe] seien, da seien auch Ratten. Die Community werde kriminalisiert. „Diese rassistischen Stereotype führen dazu, dass Menschen nie mit der gleichen Gewissheit in Sicherheit leben können wie es andere tun“, sagte der Bundesbeauftragte.",NO_CRIME_FRAME,CRIME_FRAME_POS,,,NO_HUMAN_CONSENSUS,CRIME_FRAME_POS,,
90,Tagesspiegel_added_57a07808b07eb2ec1d873b71af69e1b5a488cbc6_,27,REFUG,"Dabei kamen dann verschiedene Maßnahmen heraus: Wir haben jetzt Berater, die in Bayern unterwegs sind und die Unternehmen in dem Thema unterstützen. Zudem werden die Jugendlichen sensibilisiert und auf den deutschen Ausbildungsmarkt vorbereitet. Eine weitere Aufgabe ist das Matching zwischen [Gruppe 1] und Unternehmen. Und zuletzt haben wir uns um Ausbildungsstabilisierung bemüht, uns zum Beispiel um Sprachförderung gekümmert.

Wir haben uns schon vor 2015 Gedanken gemacht, wie wir mit dem Thema Integration von [Gruppe 1] dem Fachkräftemangel gegensteuern können. Damals hatten wir kaum Einflussmöglichkeiten darauf, ob [Gruppe 1] während einer Ausbildung oder Anstellung abgeschoben werden. Deswegen haben die Industrie- und Handelskammern sich für eine Aufenthaltsduldung eingesetzt.

Daraus ist dann die 3+2-Regelung entstanden, mit der [Gruppe 1] für drei Jahre Ausbildung und zwei Jahre Arbeit auf jeden Fall geduldet werden. Das war ein echter Kraftakt – wir hatten zuerst das Gefühl, es ist politisch nicht gewollt. Mit der Verabschiedung des Integrationsgesetzes waren die Signale aber positiv gesetzt worden.",CRIME_FRAME_NEG,NO_CRIME_FRAME,,,NO_HUMAN_CONSENSUS,CRIME_FRAME_POS,,
91,632712a23dd49b919c1a1400,16,MIGR,"Der spanische Ministerpräsident Pedro Sánchez warnte kürzlich, Madrid werde die ""Tragödie illegaler Einwanderung nicht als Druckmittel tolerieren"". Die illegale Einwanderung solle beim Nato-Gipfel Ende Juni als eine Sicherheitsbedrohung an der Südflanke des Bündnisses aufgeführt werden.

In den vergangenen Jahren haben tausende [Gruppe 1] versucht, die zwölf Kilometer lange Grenze zwischen Melilla und Marokko oder die acht Kilometer lange Grenze zwischen Ceuta und Marokko durch das Überklettern von Zäunen, schwimmend oder in Autos versteckt zu überwinden. Die [Gruppe 1] nehmen bisweilen Haken und Stöcke zur Hilfe, um den Grenzzaun zu überwinden.

Tagesanbruch: Für Millionen Deutsche wird der Urlaub zum DramaKlagen gegen die Energiewende: Der Vertrag, der Deutschland noch Milliarden kosten könnteAktivistin gegen Ex-Innenminister: Vor Gericht: Rackete gegen Salvini",NO_CRIME_FRAME,CRIME_FRAME_NEG,illegale Einwanderung ,,NO_HUMAN_CONSENSUS,NO_CRIME_FRAME,,
97,634edc42e4006be4760e4eab,21,POC,"Laut einer Antwort der Se­natsinnenverwaltung auf eine Anfrage der Linken-Abgeordneten Elif Eralp und Niklas Schrader werden dabei neben geringfügigen Drogendelikten wie dem Besitz von Cannabis vor allem Verstöße gegen das Aufenthaltsgesetz verzeichnet, 388 Fälle waren es im ersten Halbjahr 2022. Kontrolliert werden also überwiegend nichtweiße Personen, kritisieren die Abgeordneten.

„Die polizeilichen Maßnahmen bringen außer kurzfristigen Verdrängungseffekten nichts“, kritisiert auch die Initiative „Wrangelkiez-United“ und fordert statt einer Kriminalisierung von [Gruppe 1] soziale Lösungen und die Abschaffung der KbO. „Eine Aufenthalts- und Arbeitserlaubnis für Menschen ohne Papiere oder ein Angebot an Drogenkonsumräumen rund um die Uhr würde die Situation hier im Kiez entspannen – anders als die meisten Polizeieinsätze.“",CRIME_FRAME_POS,NO_CRIME_FRAME,,,NO_HUMAN_CONSENSUS,CRIME_FRAME_POS,,
99,635d1726264d2a0cea049a70,10,REFUG,"„Aus Hass Häuser anzuzünden, weil man [Gruppe 1] nicht in seiner Nähe haben möchte, ist zutiefst primitiv und menschenverachtend“, verurteilte Sachsens Innenminister Armin Schuster die Tat. Zwar sei noch nicht bekannt, wer die Brandsätze in das Hotel geworfen habe. „Aber wir müssen von einem fremdenfeindlichen Brandanschlag ausgehen“, so Schuster.

200 [Gruppe 1] in Bautzen: AfD-Demonstration vor der geplanten Unterkunft

Am kommenden Donnerstag (3. November) sollten die ersten 30 [Gruppe 1] in die Unterkunft ziehen. Die Familien kommen laut Landratsamt aus Syrien, Nordmazedonien, der Türkei, Afghanistan, Georgien und der Russischen Föderation. Ob das Gebäude wie ursprünglich genutzt werden könne, sei momentan noch nicht klar. Wie die Sächsische Zeitung berichtet, sollten ursprünglich 200 Menschen im „Spreehotel“ untergebracht werden.",NO_CRIME_FRAME,CRIME_FRAME_NEG,victim,,NO_HUMAN_CONSENSUS,NO_CRIME_FRAME,,
103,632712ab3dd49b919c1dadb1,6,ISR,"Es wirkt nicht wie ein Zufall, dass die israelischen SoldatInnen gerade jetzt auszogen, um Dschihadisten im Westjordanland dingfest zu machen, und dass die Luftwaffe das Kommando zur „präventiven Exekution“ bekam. Stattdessen kommt der unschöne Verdacht auf, es könne mit den für den 1. November geplanten Parlamentswahlen zusammenhängen.

Kaum zwei Monate ist Jair Lapid Regierungschef und möchte es gern über den Wahltermin hinaus bleiben. Will er den WählerInnen ein Signal geben, dass er in Sachen Kriegsführung genauso brachial vorgeht wie sein größter Konkurrent, nämlich Mr. Security, Benjamin Netanjahu? Auch die Rhetorik von Lapids sozialdemokratischen Verbündeten erinnert an die Zeit, als Netanjahu regierte. Dazu kommt, dass gerade jetzt Tausende radikal nationalistische [Gruppe 1] auf den Tempelberg ziehen.

Stärke zeigen für WählerInnenstimmen – wie armselig wäre das und wie riskant. Ob gezielt provoziert oder nicht – die Botschaft dürfte bei den WählerInnen angekommen sein. Jetzt aber gilt es, ein rasches Ende der Eskalation zu bewirken. Je länger die Kampfhandlungen andauern, desto größer ist die Gefahr, dass die Hamas nicht länger stillhält. Die islamistische Führung im Gazastreifen will offensichtlich nicht mitkämpfen.",CRIME_FRAME_NEG,NO_CRIME_FRAME,not war related ,,NO_HUMAN_CONSENSUS,CRIME_FRAME_NEG,,
105,MOPO-437726,13,,"Am Hansaplatz sollte es endlich eine vernünftige Toilette geben, dafür habe sie sich eingesetzt, erzählt Ursula Witsch. Aber: ""Am Bürgertisch sind wir für den Vorschlag ausgelacht worden."" Viele Menschen gingen am Kirchenweg zwischen Autos auf ""Toilette"", vor allem im Sommer rieche das fürchterlich. ""Das ist eine unheimliche Belastung für Anwohner.""

Ihr Mann, Berno Schuckart-Witsch, bemängelt fehlende Angebote für die hier in seinen Augen alleingelassenen ""jugendlichen und unbegleiteten [Gruppe 1]. Denen muss man eine Perspektive geben."" Sie würden hier ständig kontrolliert, ""den Säufern passiert aber gar nichts"". Viele drifteten mangels Optionen in die Kleinkriminalität ab. Vor allem der politische Wille fehle, Geld an richtiger Stelle auszugeben, findet Schuckart-Witsch. Das umfasse auch andere Themen, wie das simple Aufstellen von Bänken. So eine Maßnahme sei nicht gewollt, mutmaßt das Ehepaar. Sein Fazit: ""Randständige werden weiter an den Rand gedrängt.""

Am Tisch eines Restaurants auf der Nordseite, zurückgelehnt auf einem der Holzstühle, sitzt Markus Schreiber (62), mittlerweile Pensionär, noch immer SPD-Bürgerschaftsabgeordneter. Bis 2012 war er Bezirksamtsleiter in Mitte. Wenn er auf den Hansaplatz blickt, denke er dabei an ""Klein-Paris"", sagt er. Es seien Restaurants dazugekommen, das Leben rund um den Brunnen sei verstärkt worden. ""Veränderung braucht Zeit. Das geht nur in kleinen Schritten - dass sich hier nichts verändert habe, das stimmt einfach nicht.""",CRIME_FRAME_POS,NO_CRIME_FRAME,,,NO_HUMAN_CONSENSUS,CRIME_FRAME_POS,,
108,632712803dd49b919c0b8ace,1,EU,"Die Mullahs haben erneut zwei [Gruppe 1] in Arrest genommen.

Die iranischen Behörden haben die Festnahme zweier [Andere Gruppe] bestätigt. Der Vorwurf gegen die Frau (37) und den Mann (69): versuchte Unruhestiftung.",CRIME_FRAME_NEG,CRIME_FRAME_POS,police nicht im vordergrund ,,NO_HUMAN_CONSENSUS,CRIME_FRAME_NEG,,
112,638a22002113779cc0086ac1,3,ASYL,"Zum Abschluss der Innenministerkonferenz in München haben sich die Teilnehmenden darauf geeinigt, vorerst keine Menschen mehr in den Iran abzuschieben. Für Gefährder oder andere Täter sollen Ausnahmen gelten.

Bis auf Weiteres sollen abgelehnte [Gruppe 1] nicht mehr in den Iran abgeschoben werden. Darauf haben sich die Innenministerinnen und Innenminister von Bund und Ländern bei ihrer Herbsttagung in München geeinigt. Das gab der bayerische Ressortchef Joachim Herrmann (CSU) zum Abschluss der Tagung bekannt.

Ein solcher Abschiebestopp war in den vergangenen Wochen von verschiedenen Seiten immer wieder gefordert worden. Herrmann sagte, Ausnahmen von diesem Abschiebestopp werde es aber weiterhin bei Gefährdern oder Tätern schwerer Straftaten geben.",NO_CRIME_FRAME,CRIME_FRAME_POS,da nicht um crime geht ,,NO_HUMAN_CONSENSUS,NO_CRIME_FRAME,,
116,Focus_added_60e44e3cade78bc251b55bbd3a6af57fdf2e1c2f_,17,RUS,"Russischer Spion? Brasilianischer Forscher in Norwegen festgenommen

16.03 Uhr: Ein Mann steht in Norwegen unter dem Verdacht, unter falscher Identität für Russland spioniert zu haben. Wie der norwegische Rundfunksender NRK am Dienstag berichtete, wurde der brasilianische Forscher am Montag auf dem Weg zur Arbeit an der Universität im norwegischen Tromsø festgenommen. Der norwegische Geheimdienst PST vermutet demnach, dass er in Wirklichkeit [Gruppe 1] ist, für einen russischen Geheimdienst arbeitet und sich mit falschen Papieren im Land aufhält. Man habe darum gebeten, dass er ausgewiesen werde, da er eine Bedrohung für nationale Interessen darstelle, sagte die stellvertretende Geheimdienstchefin Hedvig Moe dem Sender.

Der Mann ist nach NRK-Angaben im Herbst 2021 mit einem Forscherauftrag an die Universität gekommen. Dort soll er unter anderem Teil einer Forschungsgruppe sein, die hybride Kriegsführung erforscht. Der Universitätsrektor Dag Rune Olsen bestätigte der Zeitung „Dagbladet“, dass er bereits am Montag von der Festnahme informiert worden sei. Tromsø liegt im hohen Norden von Norwegen, wo das skandinavische Land weiter östlich auch an Russland grenzt.",CRIME_FRAME_NEG,NO_CRIME_FRAME,Spion,,NO_HUMAN_CONSENSUS,CRIME_FRAME_NEG,,
118,632712b73dd49b919c21de85,5,SYR,"Kressbronn am Bodensee - Bei einem mutmaßlichen Messerangriff eines Bewohners in einer Asylbewerberunterkunft am Bodensee ist ein Mitbewohner des Mannes getötet worden - fünf weitere Menschen wurden teils schwer verletzt. Der 31 Jahre alte Tatverdächtige aus Nigeria soll in der Nacht auf Montag an mehreren Zimmern der Unterkunft in Kressbronn (Bodenseekreis) geklopft und im weiteren Verlauf wahllos mit einem Messer auf Anwesende eingestochen haben, wie ein Sprecher der Polizei am Montag mitteilte.

Bei dem Getöteten handele es sich um einen 38 Jahre alten [Gruppe 1]. Verletzt wurden demnach vier Frauen im Alter zwischen 28 und 34 Jahren sowie ein 37 Jahre alter Mann. Bei ihnen handle es sich vermutlich um Mitbewohner, sagte ein Sprecher der Polizei. Mit Sicherheit könne er das aber noch nicht sagen. Von den Verletzten wurde eine Person mit einem Rettungshubschrauber in ein Klinikum gebracht. Die anderen Verletzten kamen mit Rettungswagen in ein Krankenhaus.

Der Tatverdächtige wurde bei dem Vorfall den Angaben nach ebenso leicht verletzt. Diese Verletzungen gingen mutmaßlich auf sein eigenes Handeln zurück, sagte der Sprecher. Den Verdächtigen nahmen die Beamten widerstandslos vor der Asylbewerberunterkunft fest. Das Motiv sowie der genaue Ablauf der Tat waren zunächst noch unklar. Auch zur Frage, inwiefern sich der mutmaßliche Täter und die Verletzten kannten, werde nun von der Kriminalpolizei Friedrichshafen ermittelt. Spezialisten der Kriminaltechnik sicherten bis zum Morgen Spuren am Tatort. Laut Polizei handelt es sich um eine recht kleine Unterkunft in der Stadt mit rund 9000 Einwohnern.",NO_CRIME_FRAME,CRIME_FRAME_NEG,Victim,,NO_HUMAN_CONSENSUS,NO_CRIME_FRAME,,
121,6327129f3dd49b919c18b025,7,RUS,"Am Freitagmorgen war ein Team des Roten Kreuzes mit drei Fahrzeugen auf dem Weg nach Mariupol. Das Rote Kreuz plant, den Evakuierungskonvoi aus Bussen und Privatfahrzeugen aus der Hafenstadt zu geleiten. ""Uns gehen die Worte aus, um den Horror und das Leid der Bewohner von Mariupol zu beschreiben"", sagte Watson. ""Den Menschen in Mariupol läuft die Zeit davon. Sie brauchen dringend Hilfe.""

Ukraine: [Gruppe 1] beschießen Stadt bei Odessa

Russische Truppen haben ukrainischen Angaben zufolge eine Stadt unweit der Hafen-Metropole Odessa mit Raketen beschossen. Die [Gruppe 1] hätten von der 2014 annektierten Schwarzmeer-Halbinsel Krim aus drei Iskander-Raketen abgefeuert, schrieb der Chef der Regionalverwaltung, Maxym Martschenko, am Freitagabend auf Telegram. Es habe Verletzte gegeben. Weitere Details nannte er nicht. Die Angaben ließen sich zunächst nicht unabhängig überprüfen.",NO_CRIME_FRAME,CRIME_FRAME_NEG,war,,NO_HUMAN_CONSENSUS,NO_CRIME_FRAME,,
122,BADZ-51292657470,5,ISLMST,"Ebenfalls am 5. Februar um 20.15 Uhr macht sich Nils Straatmann ""2000 Jahre später - Zu Fuß durch Israel und Palästina"" auf. Es ist die Geburtsstätte dreier Weltreligionen und doch vor allem für den Konflikt bekannt, der den Nahen Osten seit Jahrhunderten begleitet. Straatmann begibt sich auf eine aufrüttelnde Wanderung und trifft auf Mauern, Panzer und Soldaten, aber auch auf Hoffnung, Gastfreundschaft und Weisheit. Farbig und orientalisch wird es dann einen Tag später mit großartigen Naturschönheiten und jahrhundertealten Traditionen: Die neue Live-Reportage ""Marokko"" (6. Februar um 11 Uhr) von Reiner Harscher zeigt die landschaftliche Vielfalt und reiche Kultur Marokkos. 

Mit ""Afghanistan"" zeigen Monika Koch und Heiner Tettenborn um 14.30 Uhr am 6. Februar einen tiefen Einblick in ein zerrissenes Land. In Afghanistan sind die Taliban nach dem Abzug der internationalen Truppen wieder an der Macht. Während zahllose Menschen eine neue Schreckensherrschaft fürchten, begrüßen andere die Rückkehr, weil die Ideologie der radikalen [Gruppe 1] ihrem Weltbild doch weitaus mehr als die westlichen Werte entspricht.

Zum Festival-Abschluss am Sonntag um 18 Uhr zeigt die Mundologia erstmals in Deutschland die neue Live-Show ""Überirdisch - Die Welt von oben"". Mit fliegenden Kameras lässt der Schweizer Fotograf Stefan Forster die Schönheit der Erde neu erleben. Zu sehen sind Luftaufnahmen aus Patagonien, den Anden, Australien, Neuseeland, Namibia, Spitzbergen, Island, Grönland, Norwegen und der Schweiz.",CRIME_FRAME_NEG,NO_CRIME_FRAME,After war ,,NO_HUMAN_CONSENSUS,CRIME_FRAME_NEG,,
124,632712b33dd49b919c20753f,4,,"Türkheim – Große Augen gemacht hat am Samstagmittag ein Lkw-Fahrer in Türkheim, als er bemerkte, wie zwei Männer plötzlich aus dem Dach seines Sattelaufliegers kraxelten. Wie sich herausstellte, hatte der Fahrer bei seiner Einreise nach Deutschland – eigenen Angaben zufolge unbemerkt – fünf [Gruppe 1] an Bord gehabt.

Als der Lkw-Fahrer bei seinem Halt in Türkheim sah, wie zwei [Gruppe 1] über das Dach aus dem Laderaum kletterten, rief er gleich die Polizei. Als die Beamten einen Blick auf die Ladefläche warfen, kamen noch drei weitere Personen (aus Pakistan und Afghanistan) zum Vorschein. Sie hatten sich hinter der Ladung versteckt.

Der Sattelzug war zuvor von Bulgarien über Rumänien, [Andere Gruppe] und Österreich nach Deutschland eingereist. Ersten Ermittlungen zufolge waren die fünf [Gruppe 1] während einer nächtlichen Pause auf einem Rastplatz in Rumänien in den Sattelauflieger gestiegen, ohne dass es der schlafende Fahrer mitbekommen haben will.",CRIME_FRAME_NEG,NO_CRIME_FRAME,illegales mitfahren ,,NO_HUMAN_CONSENSUS,CRIME_FRAME_NEG,,
126,632712773dd49b919c07fae3,6,ISLMST,"Die Arbeit des Expertengremiums sei tatsächlich nur für ein Jahr angelegt gewesen, sagte Staatsrechtler Kyrill-Alexander Schwarz, der Mitglied des Rates ist. Er habe dennoch den Eindruck, dass die Einstellung eine „politische Entscheidung“. Die Fokussierung von Bundesinnenministerin Nancy Faeser (52, SPD) auf den Rechtsextremismus halte er zwar nicht für falsch, sagte er, andere relevante Phänomene dürften aber deshalb nicht vernachlässigt werden.

Islamismus-Expertin Rebecca Schönenbach kritisiert gegenüber BILD: „Die Ampel hat sich den Kampf gegen jede Form von Diskriminierung auf die Fahnen geschrieben – gut so! Leider scheint das Innenministerium unter Frau Faeser dabei zu übersehen, dass gerade [Andere Gruppe] durch [Gruppe 1] diskriminiert werden.“

Islamismus ziele im ersten Schritt immer auf die Kontrolle von [Andere Gruppe], von denen in Deutschland über 70 Prozent kein Kopftuch tragen. „Werden [Andere Gruppe] nicht geschützt, nehmen [Gruppe 1] ihnen die Freiheit, um in der Öffentlichkeit den Islam über verschleierte Frauen mit ihrem fundamentalistischen Weltbild gleichzusetzen“, so Schönenbach.",CRIME_FRAME_NEG,NO_CRIME_FRAME,,,NO_HUMAN_CONSENSUS,CRIME_FRAME_NEG,,
129,632712b23dd49b919c1fe754,7,ISLMST,"Afghanistan: Taliban lassen Schaufensterpuppen köpfen – „müssen beseitigt werden“

Bereits in den vergangenen Wochen hatten die Taliban* immer strengere Vorschriften erlassen. Zuletzt wurden Autofahrer angewiesen, im Fahrzeug keine Musik abzuspielen. Zudem sollen Frauen ohne männliche Begleitperson nicht weiter als 45 Meilen (etwa 72 Kilometer) reisen dürfen. Immer noch sind die meisten weiterführenden Schulen für Mädchen geschlossen. Frauen können in vielen Fällen nicht mehr zurück an ihre Arbeitsplätze. Viele flohen seit der Machtübernahme der [Gruppe 1] im August 2021 aus dem Land.

Die Taliban gehen auch hart gegen den verbotenen Verkauf von Alkohol vor. Erst kürzlich hatten Mitarbeiter des afghanischen Geheimdienstes rund 3000 Liter Alkohol in einem Kanal in Kabul entsorgt. Die Fässer mit dem geschmuggelten Alkohol seien im Zuge einer Razzia in der Hauptstadt beschlagnahmt worden, teilte der Geheimdienst auf Twitter mit. Drei Männer wurden in diesem Zusammenhang festgenommen.",CRIME_FRAME_NEG,CRIME_FRAME_POS,Terrorism,Taliban itself is negative or positive?,NO_HUMAN_CONSENSUS,CRIME_FRAME_NEG,,
130,638ce1593763d87dbc00f64d,19,MUSL,"20. November 2022: „Philosophia Perennis” zur Palästinenserattacken auf Christen.

24. November 2022: „haOlam” zur Notwendigkeit eines echten Dialogs zwischen Christen und [Gruppe 1].

25. November 2022: „Open Doors” zur zunehmenden Diskriminierung von Christen in Indien, „haOlam” zu Stürmung eines katholischen Gottesdienstes in Nigeria samt Priesterentführung durch [Andere Gruppe].",NO_CRIME_FRAME,CRIME_FRAME_NEG,no crime,,NO_HUMAN_CONSENSUS,NO_CRIME_FRAME,,
136,632712853dd49b919c0e1170,21,ISR,"2351 antisemitische Straftaten haben die Behörden im Jahr 2020 registriert – rund 16 Prozent mehr als im Vorjahr. Steht dieser neue Höchststand in einem Verhältnis zur Flüchtlingswelle von 2015?

Becker: Dies wäre eine zu starke Verkürzung des Problems. Die Buntheit und Vielfalt des Antisemitismus reicht heute vom rechtsradikalen Mob bis hinein in die Anti-Israelische Linke und somit spannt sich auch schon der Bogen vom ‚klassischen‘ Judenhass bis zum intellektuell verpackten Antizionismus, der den Umweg über die sogenannte ‚Israelkritik‘ wählt und dennoch beim Antisemitismus ankommt. Hinzu kommt jene Judenfeindlichkeit, die aus den Regionen des Nahen Ostens nach Europa ausstrahlt und Kulturkreisen entstammt, in denen schon Kindern und Jugendlichen das Feindbild des „bösen [Andere Gruppe]“, der in der Regel [Gruppe 1] ist, vermittelt wird. Dieser islamisch bzw. auch als islamistisch einzustufende Antisemitismus wird zunehmend von israelfeindlichen Organisationen oder auch Staaten gezielt gefördert bzw. auch von diesen gesteuert.

Wo erleben Sie im Alltag Antisemitismus?",CRIME_FRAME_NEG,NO_CRIME_FRAME,,,NO_HUMAN_CONSENSUS,NO_CRIME_FRAME,,
137,632712933dd49b919c141293,14,AFG,"Fall für die Forensik?

Der Messerstecher heißt Salahuddin B., sein Asylantrag war zwar vom Ausländeramt schon vor längerer Zeit abgelehnt worden. Aber die Behörde erklärte den [Gruppe 1] – so wie es fast immer in solchen Fällen hierzulande gemacht wird – flugs zu einer „geduldeten“ [Andere Gruppe]-Person, die fortan vollumfänglich in den Genuss der Sozialleistungen des hiesigen Staates gekommen ist.

Vor dem Schwurgericht erklärte der zuständige Staatsanwalt Henner Kruse das, was Staatsanwaltschaften in solchen Fällen oft erklären: Der Gewalttäter leide „unter einer paranoid-halluzinatorischen Psychose“, er sei „für die Allgemeinheit gefährlich“.",CRIME_FRAME_NEG,NO_CRIME_FRAME,Gewalttäter,,NO_HUMAN_CONSENSUS,CRIME_FRAME_NEG,,
139,632712c23dd49b919c262c61,6,TUN,"Gab es genügend Sicherheitskräfte?

Doch das auf dreieinhalb Monate angesetzte Verfahren dürfte über die mutmaßlichen Unterstützer hinaus gehen. Das Gericht soll in Erfahrung bringen, in welchem Netzwerk der Attentäter gehandelt hat. Obwohl die Terrormiliz Islamischer Staat (IS) die Tat für sich reklamierte und Hinweise auf eine islamistische Radikalisierung des [Gruppe 1] gefunden wurden, sah es zunächst nicht nach einer Verbindung aus.

Auch die Sicherheitsmaßnahmen dürften im Prozess eine Rolle spielen, wenngleich die gesonderten Ermittlungen hierzu in Nizza noch laufen. Denn warum der Täter auf die Promenade des Anglais fahren konnte und ob es genügend Sicherheitskräfte vor Ort gab, treibt Betroffene noch immer um.",CRIME_FRAME_NEG,CRIME_FRAME_POS,,,NO_HUMAN_CONSENSUS,CRIME_FRAME_NEG,,
141,632712933dd49b919c141e07,33,,"Ein weiterer Hinweis auf ein geplantes und koordiniertes Vorgehen war die Tatsache, dass die Bewaffneten sofort den Flughafen in Almaty gestürmt und besetzt haben. Damit sollte verhindert werden, dass die Sicherheitskräfte Verstärkung einfliegen können.

Die kasachische Regierung teilt mit, dass sie inzwischen über 4.000 Menschen verhaftet hat, worunter auch viele [Andere Gruppe] seien. Diese seien „aus Nachbarstaaten“ ins Land gekommen. Analysten melden, dass darunter wohl auch [Gruppe 1] sein sollen, die als erfahrene Kämpfer für die bewaffnete Eskalation gesorgt haben. Ob sich diese Meldungen bestätigen, bleibt abzuwarten.

Die Lage in Kasachstan",CRIME_FRAME_NEG,CRIME_FRAME_POS,bewaffnete Eskalation ,,NO_HUMAN_CONSENSUS,CRIME_FRAME_NEG,,
142,632712903dd49b919c12cc89,8,ISLMST,"Verteidiger Martin Heising sagte, seine Mandantin werde sich zunächst nicht zu den Vorwürfen äußern. In einer Eröffnungserklärung widersprach er den Schlussfolgerungen der Bundesanwaltschaft aus der Aktenlage. Die Angeklagte sei keine ""Terroristin hoch ideologisierter Art"" gewesen. Sie habe lediglich mit ihrem Mann, mit dem sie damals schon 25 Jahre verheiratet gewesen sei, zusammenleben wollen.

Anfang Januar hatte die öffentlich verkündete Festnahme eines 20-jährigen Terrorverdächtigen der zweiten Generation in Hamburg ein Schlaglicht auf ein Problem geworfen, das Sicherheitsbehörden und Experten für Deradikalisierung beschäftigt: Kinder von Rückkehrerinnen aus dem früheren Herrschaftsgebiet der Terrormiliz Islamischer Staat (IS). Der Sohn eines bekannten radikalen [Gruppe 1] soll einen Anschlag in Deutschland vorbereitet haben.",CRIME_FRAME_NEG,NO_CRIME_FRAME,Anschlag,,NO_HUMAN_CONSENSUS,CRIME_FRAME_NEG,,
150,632712733dd49b919c06d022,9,,"WELT: Aber hat, mit Freud zu sprechen, nicht auch das Realitätsprinzip begonnen, sich wieder zu etablieren? Der Verschwörungstheoretiker Alex Jones wurde gerade von Geschworenen in Texas wegen seiner Lügen zu einer hohen Geldstrafe verurteilt …

Andersen: Ja, 45 Millionen Dollar hier, 45 Millionen Dollar da, irgendwann wird er nicht mehr superreich, sondern nur noch schwerreich sein. Sie haben schon recht: Das Realitätsprinzip ist nicht tot. Die amerikanischen Gerichte haben sich — wie schon in der Wahl von 2020 — als Bollwerk erwiesen, trotz aller Versuche Trumps, seine Anhänger zu Richtern zu ernennen. Auch konservative Richter halten am Realitätsprinzip fest, im Unterschied zum Pöbel. Außerdem sage ich — oder der Optimist in mir — immer wieder: Die verblendeten [Gruppe 1], so furchteinflößend sie sein mögen, sind immer noch eine Minderheit. Ein Drittel vielleicht.

WELT: Andererseits war die erste Reaktion darauf, dass das FBI Trumps Anwesen auf Mar-a-Lago durchsucht hat, ein Aufruf zum Bürgerkrieg. Die Durchsuchung von Mar-a-Lago hat ein altes Narrativ bekräftigt: Trump als Opfer, das stellvertretend für seine Anhänger von der Ostküstenelite und dem „Deep State” gejagt wird. Darauf aufbauend kursiert unter rechten [Gruppe 1] eine neue Lügengeschichte: Bewaffnete Beamte des Finanzministeriums, heißt es, werden in jedes Heim einbrechen.",CRIME_FRAME_NEG,NO_CRIME_FRAME,,,NO_HUMAN_CONSENSUS,NO_CRIME_FRAME,,
151,632712953dd49b919c148e4c,3,ISR,"Mit dem Flaggenmarsch wollen die Teilnehmer an die israelische Besetzung von Ostjerusalem im Sechstagekrieg 1967 erinnern.

Angespannte Lage in Jerusalem am Sonntag. Beim umstrittenen Flaggenmarsch ultranationalistischer [Gruppe 1] gab es zahlreiche Verletzte und Festnahmen. Nach offiziellen Angaben beteiligten sich rund 70.000 Menschen an dem Marsch durch die Altstadt von Jerusalem. Auch im Westjordanland und im Gaza-Streifen kam es am Sonntag zu Gewaltausbrüchen.",NO_CRIME_FRAME,CRIME_FRAME_NEG,war,,NO_HUMAN_CONSENSUS,NO_CRIME_FRAME,,
153,HNA_added_38a9a58a160ea2f0846dbc9ec6611609d62283b4_,9,ISR,"Israelische Medien berichteten, dass israelische und türkische Sicherheitskräfte am Freitag auf Istanbuls Straßen nach Angreifern fahndeten. [Andere Gruppe] und türkische Rekruten suchten um jeden Preis nach [Gruppe 1]. Die Zeitung „Haaretz“ meldete, dass mehrere Zellen gleichzeitig an Angriffen arbeiteten. Für Sicherheitskräfte könne es deshalb schwierig werden, alle Anschläge zu vereiteln.

Israel hat eigenen Angaben zufolge in jüngster Zeit mehrere Angriffspläne Teherans verhindert - darunter auch ein Attentat auf einen US-General in Deutschland. Nach Informationen mehrer Medien halten sich derzeit rund 2000 [Gruppe 1] in der Türkei auf. dpa",CRIME_FRAME_NEG,NO_CRIME_FRAME,,,NO_HUMAN_CONSENSUS,CRIME_FRAME_NEG,,
158,632712c33dd49b919c26d940,4,MUSL,"Schwedische Wahlforscher und politische Beobachter hatten die straff islamische Partei offensichtlich nicht auf dem Radar und zeigten sich zunächst erstaunt über den völlig unerwarteten Erfolg der Partei. Allein auf weiter Flur: Die Zeitung Dagens Nyheter, die schon Tage vor der Schweden-Wahl auf den blinden Fleck in den Umfragen hingewiesen hatte.

Die Überraschung schlug jedoch sehr schnell in Besorgnis um, als klar wurde, wofür die Nyans und ihr Personal stehen: Parteichef Mikail Yüksel hatte sich in der Vergangenheit öffentlich als loyaler Anhänger des türkischen Präsidenten Recep Tayyip Erdogan hervorgetan. Wegen des Verdachts der Zusammenarbeit mit den faschistisch-nationaltürkischen Nationalisten der „Grauen Wölfe“ war er bereits von der schwedischen Zentrumspartei, für die er 2018 kandidiert hatte, ausgeschlossen worden. Einer von Yüksels Parteigängern hatte unter anderem gegen die autochthonen Schweden gehetzt und behauptet, [Gruppe 1] könnten in Schweden ohne Gerichtsverfahren oder Nachweis ihrer Schuld ins Gefängnis kommen. Andere hatten in sozialen Medien den immanenten islamischen Hass gegen [Andere Gruppe] freien Lauf gelassen.

Auch den multi-kulti-besoffenen Linken in Schweden dämmerte es zum Ende des Wahlkampfs, dass sich ihre Schutzbefohlenen [Gruppe 1] ihrem Zugriff längst schon entzogen haben und sich ihrer Stärke klar geworden sind. So jammerte die ehemalige sozialistische Abgeordnete Amineh Kakabaveh und warnte vergeblich vor „Nyans” als einer islamistischen Organisation, die „antidemokratisch und antifeministisch” sei.",NO_CRIME_FRAME,CRIME_FRAME_NEG,victim ,,NO_HUMAN_CONSENSUS,NO_CRIME_FRAME,,
171,LVZ-doc7nymfv8chvtmynm0hpp,1,RUS,"Die Großrazzia gegen eine mutmaßliche Terrorgruppierung in der "" Reichsbürger"" -Szene dürfte noch einige Polizeieinsätze nach sich ziehen. Die Sicherheitsbehörden rechnen mit weiteren Beschuldigten und Durchsuchungen. Bei den Ermittlungen wird auch geschaut, ob die Beschuldigten noch weitere Waffen versteckt haben. 23 der 25 Festgenommenen seien inzwischen in Untersuchungshaft, sagte eine Sprecherin der Bundesanwaltschaft am Donnerstag. Acht von ihnen waren am Mittwochmorgen in Baden-Württemberg festgenommen worden. Wann zwei im Ausland gefasste Männer den Ermittlungsrichtern vorgeführt werden, war zunächst unklar. Bis auf eine [Gruppe 1] haben alle die deutsche Staatsbürgerschaft. Die Bundesanwaltschaft sprach zudem von 27 weiteren Beschuldigten.

Der Präsident des Bundeskriminalamts, Holger Münch, nannte die Zahl von mittlerweile 54 Beschuldigten und sprach von mehr als 15  Durchsuchungen, mindestens 38 davon soll es im Südwesten gegeben haben. In rund 50 Objekten seien auch Waffen festgestellt worden. Den Obleuten des Innenausschusses des Bundestages war mitgeteilt worden, bei der Razzia seien zwei Langwaffen, eine Kurzwaffe sowie Schwerter- und Armbrüste, Schreckschuss- und Signalschusswaffen gefunden worden. Diese seien nur teilweise bei mutmaßlichen Mitgliedern der Gruppe gefunden worden, die eine waffenrechtliche Erlaubnis haben. Dem Vernehmen nach waren darunter auch Dienstwaffen.",CRIME_FRAME_NEG,NO_CRIME_FRAME,,,NO_HUMAN_CONSENSUS,CRIME_FRAME_NEG,,
173,6370f9bf7204af435104281f,13,TUR,"Wenn ich daher in der Stadt junge [Andere Gruppe] mit Rucksack im Park herumlungern sehe, wenn junge [Andere Gruppe] an mir vorübermarschieren, wenn ein [Andere Gruppe] mich im Vorbergehen drohend anblickt und ich die nackte Verachtung in seinen Augen lese, dann bin ich wieder bei meinem Papa, durch dessen Körper Kriegsschrapnelle wanderten, neben dem John Wayne wie ein Waisenkabe wirkte und der sich eines Tages bei einem Sturz sein halbes Knie an einer Stahlkante abrasierte und so tat, als wäre nichts geschehen.

Deshalb meine vorsichtige Frage: Wenn [Andere Gruppe] und [Andere Gruppe] im Krieg geboren wurden, wenn [Andere Gruppe] und [Gruppe 1] nichts anderes als Kampf kennen, wenn diese jungen Männer also wie Soldaten laufen, wie Soldaten sprechen und wie Soldaten riechen; wenn sie Krieg atmen, ihre Muskeln aus Stahl sind, und sie wie gehetzte Tiere stets auf dem Sprung sind; wenn also all diese Männer aus Kriegsländern in einer Heeresstärke von 500 Mann in einer Messehalle untergebracht werden, wovon sprechen wir dann? Von jungen [Andere Gruppe] – oder von Soldaten? Von einer Messehalle – oder von einer Kaserne?

Trojanische Pferde und offene Fragen",NO_CRIME_FRAME,CRIME_FRAME_NEG,victim ,,NO_HUMAN_CONSENSUS,NO_CRIME_FRAME,,
184,6392435e8a8c949f8e0634ca,3,RUS,"Die Ermittlungsbehörden untersuchen nach der groß angelegten Anti-Terror-Razzia gegen die ""Reichsbürger""-Szene Spuren zu möglichen weiteren Verdächtigen. Die Sicherheitsbehörden rechnen mit weiteren Beschuldigten und Durchsuchungen. Bei den Ermittlungen wird auch geschaut, ob die Beschuldigten noch weitere Waffen versteckt haben. 23 der 25 Festgenommenen seien inzwischen in Untersuchungshaft, sagte eine Sprecherin der Bundesanwaltschaft am Donnerstag. Wann die beiden im Ausland gefassten Männer den Ermittlungsrichtern vorgeführt werden, war zunächst unklar.

Die Bundesanwaltschaft hatte am Mittwoch bei einem der größten Polizeieinsätze in der Geschichte der Bundesrepublik in elf Bundesländern sowie in Italien und Österreich 25 Menschen festnehmen lassen. 22 von ihnen wirft sie vor, Mitglied einer terroristischen Vereinigung zu sein, die das politische System stürzen wollte. Bei den drei anderen geht es um Unterstützung. Bis auf eine [Gruppe 1] haben den Angaben zufolge alle die deutsche Staatsbürgerschaft. Die Bundesanwaltschaft sprach zudem von 27 weiteren Beschuldigten.

Scholz: ""Sehr schlimmer Vorfall""",CRIME_FRAME_NEG,NO_CRIME_FRAME,Terror,,NO_HUMAN_CONSENSUS,CRIME_FRAME_NEG,,
190,632712823dd49b919c0cd9da,4,REFUG,"„Wer Punkrock hört, macht keinen Anschlag?“

Den Ärger des Richters versteht der Rechtsanwalt nicht. „Natürlich hat das Indizwert“, sagt er. Worauf der Vorsitzende entgegnet: „Wer Punkrock hört, macht keinen Anschlag auf Frau Kahane?“ Anetta Kahane, Vorsitzende der Amadeu-Antonio-Stiftung, zählt zu den Personen, die auf mutmaßlichen Todeslisten von Franco A. auftauchen. Die Bundesanwaltschaft wirft ihm vor, er habe als syrischer [Gruppe 1] getarnt Anschläge begehen wollen.

Wie eng es für Franco A. wird, ist am Donnerstag daran zu merken, wie der Vorsitzende an ihn appelliert, zur Aufklärung beizutragen. Das Gericht nimmt Lichtbilder der NS-Devotionalien in Augenschein, die A. Mitte Februar bei seiner Festnahme in einer Tüte mit sich führte. Er hatte sie aus Straßburg mitgebracht, wo er sie, so die Worte des Vorsitzenden, nach vorläufiger Würdigung der Beweise bei einem Bekannten „gebunkert“ hatte. Foto um Foto legen die Richter unter den Projektor. A. sagt zu den mit Hakenkreuzen und anderen Symbolen bestückten Gegenständen nur das, was er auch schon bei der Verkündung des Haftbefehls im Februar gesagt hatte: Es handle sich um Embleme der Partei, „die unsägliches Leid über die Menschheit gebracht hat“. „Gegebenenfalls“ werde es am nächsten Verhandlungstag eine Stellungnahme geben, sagt sein Verteidiger.",CRIME_FRAME_NEG,NO_CRIME_FRAME,Anschlag,,NO_HUMAN_CONSENSUS,CRIME_FRAME_NEG,,
192,6383c2e6219ba5abaf09dc08,10,RUS,"Zu dem russisch besetzten Atomkraftwerk Saporischschja teilte der Betreiber Enerhoatom mit, vorige Woche haben die [Gruppe 1] am Kontrollpunkt Wasyliwka einen Konvoi mit Ausrüstung und Ersatzteilen für das Kraftwerk beraubt. Sie haben 45 Heizgeräte „für ihren Eigenbedarf entnommen“, schreibt das Unternehmen auf seiner Internetseite.

Am Sonntag sprach Enerhoatom-Chef Petro Kotin im ukrainischen Fernsehen zugleich von „Anzeichen“, dass die [Gruppe 1] sich nach neun Monaten auf den Abzug aus dem Kraftwerk vorbereiten. In den russischen Staatsmedien werde neuerdings immer wieder darüber diskutiert, ob eine Räumung und „Übergabe“ des AKW an die IAEA sinnvoll sei, sagte Kotin.",CRIME_FRAME_NEG,NO_CRIME_FRAME,,,NO_HUMAN_CONSENSUS,CRIME_FRAME_NEG,,
194,632712aa3dd49b919c1d50bd,6,UKR,"Was also macht eine zehnköpfige Gruppierung aus ehemaligen Kämpfern einer nationalistischen Gruppierung im Dezember in Berlin? Weitere Fotos auf Instagram zeigen in kyrillischer Sprache verfasste Graffiti-Tags, unter anderem auf einer Wilmersdorfer Hauswand und einem U-Bahnzug der BVG. Vielleicht reisten die ukrainischen Neonazis tatsächlich im Dezember lediglich nach Berlin, um die hiesige Sprayer-Szene aufzumischen, vielleicht gibt es aber auch andere Gründe, wie das Knüpfen von Kontakten in die deutsche rechtsextreme Szene.

Die Frage ist insbesondere deswegen interessant, weil einer der führenden Köpfe der [Gruppe 1], Serhij Filimonow, in wenigen Monaten auf deutschen Kinoleinwänden zu sehen sein dürfte. Laut einem Instagrampost war er im Dezember ebenfalls in Berlin. Filimonow spielt die Hauptrolle im neuen Film „Rhino“ des ukrainischen Regisseurs Oleg Senzow, der die brutalen Verhältnisse auf ukrainischen Straßen in den 1990er Jahren erzählt, in denen Mafiastrukturen und gefährliche Straßengangs im ganzen Land ihr Unwesen trieben. Im Gespräch mit der taz erzählt Senzow, dass er für die Hauptrolle des Rhino ausdrücklich nach „bösen Jungs, Ex-Knackis und Kriegsveteranen“ gesucht hätte. So fiel die Wahl auf Filimonow.

Der ukrainische Regisseur Oleg Senzow.",NO_CRIME_FRAME,CRIME_FRAME_NEG,Movie,,NO_HUMAN_CONSENSUS,NO_CRIME_FRAME,,
197,LVZ-doc7jxaufk8e3aadwurcrn,2,AFR,"Er hatte Hausverbot und griff einen Security-Mann mit einem "" scharfen Gegenstand""  an: Nach einem schweren Zwischenfall im Hauptbahnhof ermittelt die Polizei gegen einen 29-jährigen [Andere Gruppe]. Der Tatvorwurf: versuchter Totschlag.

Laut Polizei forderte der Mitarbeiter des Sicherheitsdienstes den [Gruppe 1] am Sonnabend kurz nach 22.30 Uhr in der Westhalle auf, wegen des gegen ihn bestehenden Hausverbotes das Gebäude zu verlassen. Darauf habe der [Andere Gruppe] den Sicherheitsmann angegriffen und mehrfach in Richtung Kopf gestochen. Das Opfer erlitt Schnittverletzungen, die in einem Krankenhaus ambulant versorgt werden mussten. Mit Hilfe eines Kollegen konnte der Angreifer überwältigt werden. Ein Haftrichter erließ Haftbefehl wegen  versuchten Totschlages. Hinweise zur Tat bitte an die Kripo, Telefon 0341 96646666.F.D.",CRIME_FRAME_NEG,NO_CRIME_FRAME,missachtetes Hausverbot ,,NO_HUMAN_CONSENSUS,CRIME_FRAME_NEG,,
198,6327129b3dd49b919c17061e,79,UKR,"4.33 Uhr: Einer Gruppe gefangener ukrainischer Verteidiger des Stahlwerks Asowstal in Mariupol droht vor einem Gericht der von Russland kontrollierten Separatistenregion Donezk die Todesstrafe. In dem Strafprozess forderte die Staatsanwaltschaft am Montag die Höchststrafe, wie die offizielle Nachrichtenagentur der sogenannten Volksrepublik Donezk meldete. Ein Urteil solle am Mittwoch fallen.

Den Angeklagten, deren genaue Zahl nicht genannt wurde, werde die Tötung von mehr als 100 Menschen zur Last gelegt. Die [Gruppe 1] gehörten zu einer Gruppe von Neonazis, die in dem nationalistischen Regiment Asow als eigene Einheit für Überfälle und Sabotage gedient hätten. In der ukrainischen Öffentlichkeit wird die Gruppe »Bären« genannt, in der russischen Presse ist von »Bären SS« die Rede.

US-Gericht billigt Beschlagnahmung von Airbus-Jet von Oligarchen",CRIME_FRAME_NEG,NO_CRIME_FRAME,,,NO_HUMAN_CONSENSUS,NO_CRIME_FRAME,,
200,6327127f3dd49b919c0b473c,6,RUS,"[[Besorgniserregend: Nach dem Gespräch mit dem ukrainischen Außenminister im türkischen Antalya sagte Lawrow, die Ukraine arbeite mit US-Hilfe an biologischen Waffen. Für Experten ein böses Warnzeichen dafür, dass er den propagandistischen Boden für einen Einsatz genau solcher Waffen seitens der [Gruppe 1] vorbereiten könnte. ]]

[[Die nächste [Gruppe 1]-Lüge wäre damit schon geschrieben: Die [Andere Gruppe] hätten die Bomben selbst gezündet, um das den [Gruppe 1] in die Schuhe zu schieben, würde es dann heißen. ]]

[[Frühere Giftgas-Lügen]]",CRIME_FRAME_NEG,NO_CRIME_FRAME,giftgas ,,NO_HUMAN_CONSENSUS,CRIME_FRAME_NEG,,
211,634e9f84b06044951102bf98,17,REFUG,"Nach dem Verzicht ist vor dem Verzicht

Gut vorstellbar wäre auch eine woke Single-Frau mittleren Alters, die ihre Mitbürger dazu ermuntert, es ihr gleich zu tun und möglichst viele [Gruppe 1] aufzunehmen, damit Platz und Geld für alle da ist. Nur viele [Andere Gruppe] werden dann wahrscheinlich wieder außen vor bleiben – denn im Gegensatz zu den deutschen Lemmingen werden sie sich nicht die Butter vom Brot oder das Lammfleisch von der Yufka nehmen lassen – und weiterhin die Hand aufhalten.

Für den Rest wird es heißen, „wir alle“ müssen „zusammenhalten” und „gemeinsam sparen”, damit wir überhaupt noch irgendwie durchs Leben kommen. Alternativ wäre auch denkbar, dass wir alle zusammen aufgrund der fortschreitenden Islamisierung in die Moschee gehen, auf Schweinefleisch verzichten und im Schwimmbad getrennt baden müssen (als Frau natürlich im Burkini). Diebe müssen sich dann solidarisch die Hand abhacken oder Frauen sich steinigen lassen. Wie dem auch sei, wir werden in Zukunft immer öfter aus den verschiedensten Gründen „ganz solidarisch verzichten“ müssen – sei es für die Freiheit, die Demokratie, den Frieden oder auch alles zusammen. Nach dem Verzicht ist vor dem Verzicht.",NO_CRIME_FRAME,CRIME_FRAME_NEG,Flüchtlinge aufnehmen ,,NO_HUMAN_CONSENSUS,NO_CRIME_FRAME,,
216,632712913dd49b919c134b37,26,AFR,"Auch Frau Frühwald ist selbstverständlich gepierct – in der Nase; ganz schön cool für eine werdende Pfarrerin. Und auch sie ist – wie könnte es anders sein – „Feministin”. „Feminismus bedeutet für sie, sich dafür einzusetzen im Privaten, im Politischen, sich auch beruflich dafür stark zu machen, dass Geschlecht keine Rolle spielt“, schwärmt der Hessische Rundfunk über die Nachwuchs-Sozin. Wenn Frauen wie Frau Frühwald nicht in solchen Machtpositionen wären, könnte ich mich von dem widerlichem Opportunismus und der glattgebügelten Falschheit eines langweiligen, langhaarigen Mädchens mit drögem Mittelscheitel einfach abwenden und mein Gemüse gießen – so realitätsfern sind ihre Aussagen. Schließlich muss man nur aus der Tür treten und braucht in vielen deutschen Städten nicht lange zu warten, bis einen aggressiv auftretende afrikanische und orientalische Männerrotten einerseits und Gruppen von Kopftuchfrauen andererseits zu unverzüglich zu der Erkenntnis gelangen lassen, dass „Geschlecht” heute mehr denn je eine Rolle spielt – außer vielleicht bei farblosen, jungen Frauen, die schon als kleines Mädchen Bundeskanzlerin werden wollten. Ich bete jeden Tag, dass dieser Kelch an uns vorübergehen möge.

Wie zu erwarten, hat sich die „Feministin” Sophie Frühwald, die sich „sehr intensiv” mit der Shoa und dem Kampf gegen Rechts befasst (solche Schlagorte sind einer politischen Karriere ungemein förderlich!), bislang kein einziges Mal zu den Messermorden und Vergewaltigungen deutscher Mädchen durch [Andere Gruppe] geäußert oder sich für unterdrückte [Gruppe 1] oder gar für Muslimas in ihren tragbaren Stoffgefängnissen eingesetzt. Auch zur Genitalverstümmelung ließ sie bislang nichts verlauten. Ungleich einfacher und billiger ist es da doch, einen kulturell angeeigneten Nasenring zu tragen und ansonsten keine Risiken einzugehen, um die spätere Verbeamtung als Pastorin nicht zu gefährden. Mutig, wahrlich todesmutig sind unsere jungen „Politiker und Innen” heutzutage, so sehr, dass regelrecht mein Herz für sie blutet – so wie die Herzen all der hingemetzelten Mädchen, Frauen und Männer seit 2015!

Störung der feinen Gehörgänge",NO_CRIME_FRAME,CRIME_FRAME_NEG,against other group ,,NO_HUMAN_CONSENSUS,NO_CRIME_FRAME,,
219,632712823dd49b919c0cca85,1,REFUG,"Ein [Andere Gruppe], der als [Gruppe 1] nach Hessen kam, soll erst bei der ""Freien Syrischen Armee"" gewesen sein und dann zum IS gegangen sein. Ihm wird auch Leichenschändung vorgeworfen.

Die Generalstaatsanwaltschaft Frankfurt hat nach Informationen der F.A.Z. Anklage beim Staatsschutzsenat des Oberlandesgerichts Frankfurt gegen einen [Andere Gruppe] erhoben. Der 28 Jahre alte Mann soll Kriegsverbrechen verübt haben, Mitglied in einer terroristischen Vereinigung gewesen sein und Verstöße gegen das Kriegswaffenkontrollgesetz begangen haben. Wie die Behörde auf Nachfrage bestätigte, befindet er sich seit seiner Festnahme im August 2021 aufgrund eines Haftbefehls des Ermittlungsrichters am Oberlandesgericht in Untersuchungshaft.",CRIME_FRAME_NEG,NO_CRIME_FRAME,Leichenschändigung,,NO_HUMAN_CONSENSUS,CRIME_FRAME_NEG,,