testset_id,article_id,par_index,group,text_block_en,label_robin,label_marmee,notes_robin,notes_marmee,n_human_annotators,human_consensus_label,human_agreement,final_human_label
5,6327127f3dd49b919c0b142d,2,MUSL,"Widerspruch und Spaß werden nicht geduldet – erst recht nicht, wenn sie auf Kosten des Islam und seines Propheten Mohammed gehen.

Jetzt ist in Pakistan eine 26-Jährige wegen einer „blasphemischen“ Whatsapp-Nachricht zum Tode verurteilt worden. Ein Gericht in Rawalpindi befand die [Gruppe 1] am Mittwoch für schuldig, in ihrem Whatsapp-Status „blasphemisches Material“ veröffentlicht und Karikaturen des Propheten Mohammed verschickt zu haben. Solche Karikaturen sind im Islam streng verboten.

Ein Freund hatte sie demnach aufgefordert, ihren Whatsapp-Status zu löschen. Stattdessen habe sie das Material an ihn weitergeleitet. Die junge Frau war bereits im Mai 2020 verhaftet worden. Das Gericht ordnete an, sie „am Hals aufzuhängen, bis sie tot ist“, und verurteilte sie zudem zu 20 Jahren Haft.",NO_CRIME_FRAME,CRIME_FRAME_NEG,,,2,NO_HUMAN_CONSENSUS,0.0,NO_CRIME_FRAME
7,632712af3dd49b919c1ef69d,5,ROU,"Fast drei Jahre nach dem qualvollen Tod von 39 [Andere Gruppe] aus Vietnam in einem Lastwagen in Großbritannien ist ein weiterer mutmaßlicher Schlepper festgenommen worden.

Der 48-jährige [Gruppe 1], der den Unglückstransport mit organisiert haben soll, sei in seinem Heimatland aufgespürt und dem Haftrichter vorgeführt worden, teilte das Polizeipräsidium in Bukarest mit. Gegen den Mann liege ein internationaler Haftbefehl aus Großbritannien vor. Ein Gericht in Bukarest solle nun über eine Auslieferung an die britischen Behörden entscheiden.

Die Toten waren am 23. Oktober 2019 in Grays östlich von London in einem Lkw entdeckt worden. Es handelte sich um 31 Männer und 8 Frauen aus Vietnam. Sie hatten jeweils mehr als 10.000 Euro bezahlt, um nach Großbritannien gebracht zu werden. Experten zufolge stieg die Temperatur in dem versiegelten Container während der Überfahrt von Belgien nach England auf bis zu 40 Grad. Die [Andere Gruppe] hätten keine Überlebenschance gehabt.",NO_CRIME_FRAME,CRIME_FRAME_NEG,,,2,NO_HUMAN_CONSENSUS,0.0,NO_CRIME_FRAME
10,6327127f3dd49b919c0b635a,6,GBR,"Neben Jens H. sind drei weitere Männer angeklagt: Ben P. (30), Dieter S. (48) und Maik F. (45).

Das Opfer Paul W. (32) könne sich den Angriff auf ihn nicht erklären. Aus der Anklageschrift geht jedoch hervor, dass der [Gruppe 1] die Schalke-Fans zuvor provoziert haben soll. Nach dem 3:2 für seine Mannschaft zeigte er beide Mittelfinger in Richtung der Schalke-Fans.

Vor Europa-League-Finale Hooligans attackieren United-Fans",NO_CRIME_FRAME,CRIME_FRAME_NEG,unsure bc victim but provoked them ,,2,NO_HUMAN_CONSENSUS,0.0,CRIME_FRAME_NEG
11,632712c43dd49b919c2701b7,4,LBN,"Wegen der schweren Wirtschaftskrise im Libanon sind viele Menschen in die Armut abgerutscht. Doch auch [Gruppe 1] mit Ersparnissen kommen kaum an ihr Geld - einige greifen zu drastischen Mitteln.

Beirut - Zum vierten Mal innerhalb einer Woche ist im Libanon eine Bank überfallen worden - die Täter forderten dabei ihr eigenes Geld. Das Land im östlichen Mittelmeerraum leidet seit fast drei Jahren unter der schwersten Wirtschaftskrise seiner Geschichte. Ein Großteil der [Gruppe 1] kommt deshalb nicht mehr an sein Erspartes.

Vor einer Bankfiliale in der Hauptstadt Beirut spielten sich am Freitag chaotische Szenen ab. „Ich bleibe, bis ich mein Recht bekomme“, brüllte der Mann in der Bank, wie eine Reporterin der Deutschen Presse-Agentur am Freitag vor Ort hörte. „Ich bin Kaufmann und brauche Geld, um meine Angestellten zu bezahlen und mein Geschäft weiterzuführen.“",NO_CRIME_FRAME,CRIME_FRAME_NEG,,,2,NO_HUMAN_CONSENSUS,0.0,NO_CRIME_FRAME
17,632712aa3dd49b919c1d2db7,4,AFG,"„Das ist kein schönes Erlebnis“, sagt er am Samstagmorgen, während er eine rote Grabkerze am Tatort abstellt, auf die seine Mutter eine Minute zuvor „Ruhe in Frieden“ geschrieben hat. Die bunten Rosen, die sie mitgebracht haben, stehen in einem Glas mit Wasser. „Das war gestern ein Scheißtag“, sagt Gino mit Tränen in den Augen.

[Gruppe 1] wohnte 200 Meter vom Tatort entfernt

Die Frau erlitt bei dem Angriff lebensgefährliche Stichverletzungen und starb noch vor Ort. Der mutmaßliche Täter flüchtete nach der Tat und erschien drei Stunden später, gegen 13 Uhr, mit Mitarbeitern einer 200 Meter entfernt liegenden Geflüchtetenunterkunft, in der die [Gruppe 1] und ihre Kinder gelebt hatten, am Tatort. Dort wurde er von Zeugen erkannt und von der Polizei festgenommen.",NO_CRIME_FRAME,CRIME_FRAME_NEG,victim,,2,NO_HUMAN_CONSENSUS,0.0,NO_CRIME_FRAME
25,633043aafdaebcbd1102df28,29,RUS,"Manchen Insassen widerfuhr noch Schlimmeres. Etwa einen Monat bevor Oleksandr Schutow festgenommen wurde, saß ein anderer Mann in der Polizeiwache ein, dessen Eltern ebenfalls in der Gogoljstraße wohnen: Maksym Soter, 37 Jahre alt, ein Kerl mit nervösen Augen und aufbrausender Gestik.

»Ich will mich an die Scheiße nicht erinnern«, sagt Soter zur Begrüßung. Von 2016 bis 2018 habe er im Donbass gegen die [Gruppe 1] und ihre Helfer aus den Separatistenregionen gekämpft. Dennoch ließen die Besatzer den Familienvater nach nur drei Tagen auf der Wache gehen. Warum, weiß er bis heute nicht.

Seinen Freund Wanja dagegen hätten sie zu Tode gequält, erzählt Soter. »Ich habe nicht gesehen, was sie mit ihm gemacht haben.« Wanja sei so übel zugerichtet gewesen, dass Soter ihn mit einem Löffel füttern musste. Er habe nach Kot und Urin gerochen. Auf Drängen der anderen Gefangenen brachten die [Gruppe 1] ihn in ein Krankenhaus im knapp 80 Kilometer entfernten Kupjansk. Ein Ermittler bestätigt dem SPIEGEL, dass man den Fall eines jungen Mannes namens Iwan, Spitzname Wanja, untersuche. Er sei in Kupjansk gestorben, offenbar an den Folgen von Folter.",NO_CRIME_FRAME,CRIME_FRAME_NEG,,,2,NO_HUMAN_CONSENSUS,0.0,NO_CRIME_FRAME
26,632712813dd49b919c0c154a,5,CHN,"Aber spielt die Kommunistische Partei Chinas wirklich die Rolle einer unbeteiligten dritten Partei, wie sie es der Welt weismachen will?

„Ich denke, die [Gruppe 1] haben sich mitschuldig gemacht. Sie haben einen Kriegsverbrecher unterstützt, eine Kriegsaggression gegen einen unschuldigen Staat zu führen“, so James Carafano, Heritage Foundation, Institut für nationale Sicherheit und Außenpolitik, USA.

Ian Easton, ein Projektleiter des Project 2049 Institute, teilte eine ähnliche Ansicht auf Twitter. Er schrieb: „Die KP Chinas ist ein Kollaborateur. Sie hat die russische Invasion in der Ukraine ermöglicht und ist mitschuldig.“",NO_CRIME_FRAME,CRIME_FRAME_NEG,,,2,NO_HUMAN_CONSENSUS,0.0,NO_CRIME_FRAME
28,63333b0851ee0b4ec703a2e2,7,RUS,"Sie erinnern daran, dass viele dieser Emigranten den Krieg begrüßten, heute nur nicht selbst in ihn ziehen wollen. Staaten wie Deutschland und Frankreich mit einer größeren Einwohnerzahl, einer Tradition als schutzgewährende Länder und einer heute als Segen empfundenen Ferne zu Russland sind hingegen gelassener. Die Bundesregierung hat bereits angedeutet, den Kriegsdienstverweigerern Aufenthalt zu gewähren. Wer hat also recht: die West- und Mitteleuropäer – oder die Osteuropäer?

Die Antwort enttäuscht – beide. Es steht der EU gut an, den nach Hilfe suchenden [Gruppe 1] Schutz zu gewähren. Niemand verlässt leichtfertig sein Land, gibt die Arbeit und sein bisheriges Leben auf und tritt in einen Zustand ein, in welchem die Fremde nicht Heimat, aber die Heimat Fremde wird. In der Mehrheit sind diese Menschen weder Quislinge noch U-Boote. Dennoch ist einem Staat wie Finnland mit rund 5,5 Millionen Einwohnern nicht zuzumuten, eine große Zahl russischer [Andere Gruppe] aufzunehmen.

Es sollte Helsinki im Rahmen einer EU-Innenministerkonferenz gestattet sein, die Mehrheit der Flüchtenden an andere EU-Mitglieder weiterzureichen. Allerdings sollte jeder aufgenommene [Gruppe 1] einer strengen Sicherheitskontrolle durch Polizeibehörden und Verfassungsschutz unterzogen werden. Putin ist zuzutrauen, Schläfer über die Grenzen zu entsenden, die je nach russischem Bedarf auch in Deutschland ihr Unwesen treiben. Der Mord im Berliner Tiergarten ist nicht vergessen.",NO_CRIME_FRAME,CRIME_FRAME_NEG,,,2,NO_HUMAN_CONSENSUS,0.0,NO_CRIME_FRAME
32,BADZ-51300853332,1,ISLMST,"Die Ausgangslage  Mali ist ein Land am Abgrund. Seit zehn Jahren versuchen islamistische Milizen, den Sahel-Staat zum Aufmarschgebiet des Dschihadismus zu machen. Sozial und ethnisch aufgeladene Konflikte verschärfen die Instabilität. Seit 2013 versuchen internationale Truppen - unter ihnen die Bundeswehr -, die [Gruppe 1] zu stoppen. Doch die erhoffte Stabilisierung blieb aus. Die Demokratie in Mali kollabierte. Seit 2021 herrschen Militär-Putschisten unter dem Übergangspräsidenten Assimi Goita. Sie verweigern die Rückkehr zur Demokratie, wenden sich von den westlichen Partnern ab und suchen die Nähe zu Russland. Für Deutschland ist Mali kein verlässlicher Partner mehr.

Bleiben oder Gehen? An Gründen für eine Beendigung des Bundeswehreinsatzes mangelt es nicht. Der Militärputsch und die Präsenz russischer Söldner der sogenannten Gruppe Wagner stellen eines der wichtigsten Ziele der Bundeswehr in Frage - nämlich, Mali auf dem Weg zu Stabilität und Rechtsstaatlichkeit zu unterstützen. Zuletzt kamen offene Schikanen seitens der Junta hinzu: Sie verweigerte Startgenehmigungen für Aufklärungsdrohnen und Überflugrechte für Bundeswehr-Flugzeuge. Deshalb sitzen derzeit rund 110 Bundeswehr-Soldaten in Mali fest, deren Einsatz eigentlich vorbei ist; 140 Soldatinnen und Soldaten, die sie ablösen sollten, können nicht in den Krisenstaat einreisen.",NO_CRIME_FRAME,CRIME_FRAME_NEG,,,2,NO_HUMAN_CONSENSUS,0.0,NO_CRIME_FRAME
35,632712773dd49b919c07f0b4,9,REFUG,"Der Einsatz lief zunächst als Suizidversuch

Die Polizei war an dem Tag zum Innenhof einer Jugendhilfeeinrichtung im Dortmunder Norden gerufen worden, in dem sich der 16-Jährige ein 15 bis 20 Zentimeter langes Messer an den Bauch hielt. Der Einsatz lief zunächst als Suizidversuch. Die Beamten sprachen den Jugendlichen nach derzeitigem Ermittlungsstand in mehreren Sprachen an. Der unbegleitete minderjährige [Gruppe 1] aus dem Senegal war im April nach Deutschland und erst Tage vor dem Einsatz nach Dortmund gekommen und soll nicht gut Deutsch gesprochen haben. Schließlich kamen Pfefferspray und zwei Taser zum Einsatz, von denen einer traf.

Nach aktuellem Stand lief der 16-Jährige nun mit dem Messer auf die Beamten zu. Der Polizist schoss mit seiner Maschinenpistole sechs Mal. Bisher hieß es, dass fünf Schüsse den Jugendlichen im Gesicht, am Unterarm, in den Bauch und zwei Mal in die Schulter trafen. Der Obduktion zufolge wurde er aber viermal getroffen. Er starb später im Krankenhaus.",NO_CRIME_FRAME,CRIME_FRAME_NEG,victim ,,2,NO_HUMAN_CONSENSUS,0.0,NO_CRIME_FRAME
62,WAZ-A356FFAD8F36F8AC524AC2AD36D24EA9_3357382,1,RUS,"Kiew/Moskau/Berlin Angesichts der schockierenden Gräueltaten in der ukrainischen Stadt Butscha reagiert der Westen und bereitet schärfere Sanktionen gegen Russland vor. So erklärte die Bundesregierung am Montag 40 russische Diplomaten in Deutschland zu "" unerwünschten Personen""  -  und wies sie damit praktisch aus. Die [Gruppe 1] hätten "" hier in Deutschland jeden Tag gegen unsere Freiheit, gegen den Zusammenhalt unserer Gesellschaft gearbeitet"" , so Außenministerin Annalena Baerbock (Grüne).

Weiter uneins ist sich die Bundesregierung  jedoch  über einen sofortigen Stopp von Energielieferungen aus Russland. Offiziell bleibt Berlin bei der Haltung, weiter Öl und Gas aus Russland zu beziehen -  aus Sorge vor den Folgen für Wirtschaft und Gesellschaft. Entsprechend äußerten sich Wirtschaftsminister Robert Habeck (Grüne) und SPD-Chef Lars Klingbeil. Der Grünen-Politiker Anton Hofreiter, Chef des Europaausschusses im Bundestag, forderte erneut ein Embargo.",NO_CRIME_FRAME,CRIME_FRAME_NEG,unsure ,,2,NO_HUMAN_CONSENSUS,0.0,NO_CRIME_FRAME
68,638edb5b9d2cc3cbee098d8a,5,USA,"Wie Sigler in einem Video auf ihrem TikTok-Account berichtete, hatte ""Mitch"" sofort ihr Interesse geweckt, als er auf ihrem Handy-Display erschienen war.

Jedoch blieb er ihr nicht etwa aufgrund seiner Attraktivität in Erinnerung. Stattdessen wurde die [Gruppe 1] stutzig, da sie sich sicher war, ihn schon irgendwann einmal gesehen zu haben.

Und tatsächlich: Mitchell Costanzo (29), wie der junge Herr eigentlich heißt, machte in letzter Zeit im Internet die Runden – auf der ""Most Wanted""-Liste der Polizei im US-Bundesstaat New York!",NO_CRIME_FRAME,CRIME_FRAME_NEG,,,2,NO_HUMAN_CONSENSUS,0.0,NO_CRIME_FRAME
168,6327129d3dd49b919c17ca67,1,REFUG,"Migration - Pirna:Mehr [Gruppe 1] bei illegaler Einreise festgestellt

Pirna (dpa) - Die Bundespolizeidirektion Pirna hat in ihrem Zuständigkeitsbereich in Sachsen, Thüringen und Sachsen-Anhalt in der ersten Januarhälfte insgesamt 111 [Gruppe 1] bei einer illegalen Einreise über Belarus festgestellt. Im Vergleich zum Dezember mit insgesamt 95 Personen sei dies ein leichter Anstieg, teilte die Bundespolizei am Dienstag in Pirna mit.",CRIME_FRAME_NEG,NO_CRIME_FRAME,,,2,NO_HUMAN_CONSENSUS,0.0,CRIME_FRAME_NEG
171,632712a23dd49b919c1a196f,14,ISLMST,"""Angst vor gebildeten Mädchen und selbstbewussten Frauen""

Bachelet forderte die [Gruppe 1] auf, ""das Recht aller Mädchen auf Bildung zu respektieren und die Schulen für alle Schülerinnen unverzüglich wieder zu öffnen"". Mädchen und Frauen das Recht auf Bildung zu verweigern verletze deren Menschenrechte und setze sie vermehrt ""Gewalt, Armut und Ausbeutung aus"", betonte die UN-Kommissarin.

Die pakistanische Kinderrechtsaktivistin Malala Yousafzai zeigte sich ebenfalls empört. ""Sie werden immer wieder Ausreden finden, um Mädchen am Lernen zu hindern – weil sie Angst vor gebildeten Mädchen und selbstbewussten Frauen haben"", schrieb die Friedensnobelpreisträgerin auf Twitter.",NO_CRIME_FRAME,CRIME_FRAME_NEG,unsure if she is from germany? ,,2,NO_HUMAN_CONSENSUS,0.0,NO_CRIME_FRAME
278,632712853dd49b919c0e08e1,7,RUS,"Die von Macron zunächst als Sammlungsbewegung der Mitte gegründete Partei ""La République en Marche"" hat in den vergangenen fünf Jahren das Demokratiedefizit verschärft, das auch durch das Verdrängen der klassischen politischen Lager der linken Sozialisten auf der einen und der Konservativen auf der anderen verstärkt worden ist. Das werden Macron und die seinen ändern müssen, wenn Frankreich nicht in den Nationalismus der Extreme abrutschen soll.

Und das hat viel mit Europa als Ganzem zu tun und vor allem mit dem wichtigsten Partner: Deutschland. Die Europäische Union wird in Frankreich oft als ein Club für die großen Konzerne empfunden und nicht als Schutzgemeinschaft nach außen wie nach innen. Seit zwei Monaten zeigt der Angriff Russlands auf die Ukraine, dass viele mit dieser Einschätzung Recht haben. Denn der Krieg der [Gruppe 1] ist auch ein Angriff auf das freie und demokratische Europa. Macron ist vor fünf Jahren mit einer klaren europapolitischen Agenda gewählt worden - ausgearbeitet von dem jungen Clément Beaune, mittlerweile Staatssekretär für Europa-Fragen im französischen Außenministerium. Der 40-jährige hat dem nur vier Jahre älteren Macron aufgeschrieben was zu tun ist: die EU viel tiefer zu integrieren und sie demokratischer machen.

Doch bis heute gibt es in Brüssel noch nicht einmal die Mehrheitsentscheidung bei außenpolitischen Fragen der EU. Es ist absurd: Der Putin-Freund und illiberale ungarische Ministerpräsident Viktor Orbán kann wichtige Entscheidungen mit einem Veto blockieren - während Russland die Demokratie in Europa jetzt auch mit Waffen angreift, müssen die Steuerzahler in Frankreich und Deutschland den größten Gegner der EU im Inneren weiter alimentieren. Das ist absurd. Das sehen auch viele [Andere Gruppe] so.",CRIME_FRAME_NEG,NO_CRIME_FRAME,unsure but would say war is a crime and has influence on german taxes ,,2,NO_HUMAN_CONSENSUS,0.0,CRIME_FRAME_NEG
354,632712913dd49b919c13449d,3,PRT,"Das Haus in Algés umringt von Polizei.

In Portugal hat sich am Morgen eine Geiselname ereignet - mit tödlichem Ausgang. Die Polizei hat den Mann erschossen, der nach übereinstimmenden Medienberichten Deutscher war. Der Mann sei in den frühen Morgenstunden in Algés rund zehn Kilometer westlich von Lissabon tödlich getroffen worden, nachdem ""mehrere Versuche, ihn zur Aufgabe zu überreden, gescheitert"" seien, teilt die Polizei mit. Ob es sich bei dem Getöteten tatsächlich um einen Deutschen handelte, wollte die Polizei auf Anfrage bis zum Abend weder bestätigen noch dementieren. Der mit zwei Messern bewaffnete, ""sehr große und starke Mann"" hat laut Polizei eine Geisel schwer und einen Polizeibeamten leichter verletzt. Er sei ""völlig außer sich"" und vermutlich unter Alkoholeinfluss gewesen. Die Polizei bedauere ""den Tod des Angreifers"" und habe interne Ermittlungen eingeleitet, heißt es. Der Hintergrund des Vorfalls ist bislang unklar. Wie mehrere Medien berichten, soll der Mann um 5 Uhr morgens in das Haus eines [Gruppe 1] eingebrochen sein.",NO_CRIME_FRAME,CRIME_FRAME_NEG,,,2,NO_HUMAN_CONSENSUS,0.0,NO_CRIME_FRAME
365,632712903dd49b919c12ceb3,3,RUS,"Auf dem Grund des Pools wurden dem Medienbericht zufolge Patronenhülsen gefunden.

Nach einer Reihe ungeklärter Todesfälle reicher [Gruppe 1] wird ein weiterer leblos im Pool seiner Villa entdeckt. Einem Medienbericht zufolge handelt es sich um Multimillionär Juri Woronow, der Verbindungen zu Gazprom hatte. Russische Ermittler sprechen von einem ""Streit mit Geschäftspartnern"".

Wieder ist ein russischer Oligarch unter noch ungeklärten Umständen ums Leben gekommen. Wie die britische ""Daily Mail"" berichtet, wurde der Multimillionär Juri Woronow tot im Pool seiner Villa in einem wohlhabenden St. Petersburger Vorort entdeckt. Dem Bericht zufolge wurde der 61-Jährige mit einer Schusswunde im Kopf vorgefunden, eine Pistole habe sich in der Nähe befunden und mehrere verbrauchte Hülsen auf dem Grund des Pools.",NO_CRIME_FRAME,CRIME_FRAME_NEG,,,2,NO_HUMAN_CONSENSUS,0.0,NO_CRIME_FRAME
369,632712823dd49b919c0cb784,5,FRA,"Zwei Männer sind ungesichert an der Fassade des Frankfurter Hochhauses „Skyper“ hinauf geklettert. Am Samstagvormittag erreichten sie innerhalb von 40 Minuten nacheinander das Dach und wurden von einer Streife vorübergehend festgenommen, wie die Polizei mitteilte. Weil das Erklimmen des 153 Meter hohen Büroturms ordnungswidrig sei, drohe den Männern eine Anzeige wegen Hausfriedensbruch. Zuvor hatte „hessenschau.de“ vom HR berichtet.

Angaben zu den Kletterern machte die Polizei zunächst keine. Es handele sich aber nicht um den als „Spiderman“ bekannten [Gruppe 1] Alain Robert. Er kletterte bereits im November 2021 auf den Skyper im Bahnhhofsviertel und wurde ebenfalls vorübergehend festgenommen.",NO_CRIME_FRAME,CRIME_FRAME_NEG,,,2,NO_HUMAN_CONSENSUS,0.0,NO_CRIME_FRAME
389,632712773dd49b919c0800a2,15,RUS,"Selenskyj fordert erneut EU-Einreiseverbote für [Gruppe 1]

Präsident Selenskyj bekräftigte in einem nach einem Gespräch mit EU-Kommissionspräsidentin Ursula von der Leyen aufgenommenen Video außerdem seine Forderungen nach Einreiseverboten für [Gruppe 1]. Es müsse Einschränkungen bei der Vergabe von Visa für jene geben, die den Terror gegen die Ukraine unterstützten und in Europa Spaß und Unterhaltung suchten, betonte er. „Europa ist ein Land der Werte und kein Disneyland für die Unterstützer von Terror.“ Die EU hatte Ende August angekündigt, lediglich ein mit Russland geschlossenes Abkommen zur Erleichterung der Visa-Vergabe für Reisende vollständig aussetzen. Reisen sind weiter möglich.

Unter dem Eindruck des Krieges in der Ukraine und der hohen Preise auf dem Energiemarkt beraten rund 20 Ölproduzentenländer, darunter Russland, im Rahmen der Allianz Opec+ über ihre Förderquoten ab Oktober. Viele Marktbeobachter erwarten, dass die Gruppe in der Online-Sitzung am Montag an ihren bisherigen Produktionszielen festhält. Saudi-Arabien, eines der dominierenden Mitglieder, hatte jedoch unlängst eine mögliche Produktionskürzung in den Raum gestellt.",NO_CRIME_FRAME,CRIME_FRAME_NEG,,,2,NO_HUMAN_CONSENSUS,0.0,NO_CRIME_FRAME
393,632712833dd49b919c0cf196,5,GBR,"Das gilt gleichermaßen für die Anhänger der Eintracht. Aber von ihnen sieht man in der Frankfurter Innenstadt an diesem Nachmittag noch nichts. Am Abend dann, zwei Stunden vor Anpfiff, zeigen sie sich – von ihrer schlechtesten Seite. Im Bahnhofsviertel wollen sie einen Pub, in dem sich Londoner Fans versammelt haben, angreifen. Die Polizei geht dazwischen, trennt die verfeindeten Lager. So wird es weitergehen, bis lange nach dem Spiel.

Auch in der Nacht davor hatte es einen Angriff auf eine Kneipe, einen Pub an der Börse, gegeben. Über Twitter wird ein Video der Attacke verbreitet. Jemand schreibt, das sei „erbärmlich“. Noch schlimmer war ein Übergriff an der Schulstraße auf britische Gäste. Die Polizei spricht von Gewalttätern, „die augenscheinlich Anhänger der Eintracht sind“. Aus der Gruppe heraus haben sie zwei [Gruppe 1] angegriffen und durch Schläge und Tritte so schwer verletzt, dass diese das Bewusstsein verloren. Ein Zeuge sagte später, eines der Opfer habe „keine Zähne mehr im Mund gehabt“. Man habe sie ihm „herausgeprügelt“.

Die fünf „Bobby Moores“ haben davon gehört, wollen sich dadurch aber nicht ihren positiven Eindruck von Frankfurt zerstören lassen. Sie stehen in ihren Trikots mit der Rückennummer 6 der größten Klubikone vor dem „O’Reillys“ gegenüber vom Hauptbahnhof und stoßen mit Beck’s, Warsteiner und Krombacher an, „weil deutsches Bier besser ist als englisches“. Sonny Fitzgerald, einer der „6er“, fühlt sich in Frankfurt „sehr wohl“. Er ist mit insgesamt zehn Freunden angereist, von denen hat aber nur einer eine Eintrittskarte für das Spiel. Seine Kumpel und er unternehmen auch erst gar keine Bemühungen, auf dem Schwarzmarkt noch ein Ticket zu bekommen.",NO_CRIME_FRAME,CRIME_FRAME_NEG,victims,,2,NO_HUMAN_CONSENSUS,0.0,NO_CRIME_FRAME
415,632712ab3dd49b919c1db304,52,HIND,"Aufwiegelung zu Gewalttaten

Selbst für viele Anhänger von Modis BJP war es eine Überraschung, als der radikale [Gruppe 1]-Priester Yogi Adityanath (bürgerlicher Name Ajay Singh Bish, den er jedoch ungern hört) als Chief Minister, als Regierungschef, eingesetzt wurde, der aus seiner extremen Abneigung gegenüber [Andere Gruppe] kein Geheimnis macht: Der 49-Jährige saß bereits wegen Aufwiegelung zu Gewalttaten im Gefängnis und hatte öffentlich erklärt, dass [Gruppe 1] und [Andere Gruppe] nicht zusammenleben könnten.

Dass Yogi Adityanaths Organisation auch gemeinnützige Schulen und Krankenhäuser unterhält, steht nicht im Widerspruch zu seinen Gewaltaufrufen; auch in Pakistan unterhalten radikale religiöse Organisationen wie Jamaat-e-Islami soziale Einrichtungen. Die von Yogi Adityanath gegründete radikale hinduistische Jugendorganisation [Gruppe 1] Yuva Vahini fällt vor allem dann auf, wenn es um Gewalttaten und Einschüchterung von Andersdenkenden geht.",NO_CRIME_FRAME,CRIME_FRAME_NEG,not in germany? ,,2,NO_HUMAN_CONSENSUS,0.0,NO_CRIME_FRAME
416,WAZ-13FC458EDB8404A2AF31B4CD43A807B7_3662707,5,FRA,"Rund 400 Zeugen haben vor dem Gericht das ganze Grauen der Anschläge heraufbeschworen, zu denen sich die Terrormiliz Islamischer Staat (IS) bekannte. Jean-Louis Péries, der vorsitzende Richter, widmete ihnen 16 Verhandlungswochen. Rettungskräfte, Angehörige der Opfer und Überlebende kamen zu Wort. Wie Neïma R., die als 16-Jährige den Anschlag im Bataclan überlebte und bis heute psychologisch betreut wird. Beinahe jede Nacht "" holt mich der Horror ein"" , erzählte sie mit stockender Stimme.

Von den weiteren 19 Angeklagten wurde sechs der Prozess in Abwesenheit gemacht. Ein Beschuldigter sitzt in der Türkei in Haft, fünf sollen in Syrien gestorben sein. Im Falle von Salah Abdeslam, einen heute 32-jährige [Gruppe 1] marokkanischer Abstammung, ließ die Jury keine mildernden Umstände gelten. Er gilt als Logistiker der Pariser Attentäter und konnte sich am 14. November 2015 nach Brüssel absetzen, wo er 125 Tage später gefasst wurde. Vor Gericht hatte er seine Treue zum IS hervorgehoben, aber auch betont, dass er sich geweigert habe, zum Mörder zu werden und sogar die Angehörigen der Opfer um Vergebung gebeten.",NO_CRIME_FRAME,CRIME_FRAME_NEG,not in germany ,,2,NO_HUMAN_CONSENSUS,0.0,NO_CRIME_FRAME
417,632712853dd49b919c0e1f19,6,ROU,"Die Toten waren am 23. Oktober 2019 in Grays östlich von London in einem Lkw entdeckt worden. Es handelte sich um 31 Männer und 8 Frauen aus Vietnam. Sie hatten jeweils mehr als 10.000 Euro bezahlt, um nach Großbritannien gebracht zu werden. Experten zufolge stieg die Temperatur in dem versiegelten Container während der Überfahrt von Belgien nach England auf bis zu 40 Grad. Die [Andere Gruppe] hätten keine Überlebenschance gehabt.

In der Sache waren bereits in Belgien und in Großbritannien mehr als 25 Personen zu teils langen Haftstrafen verurteilt worden. Dem nun festgenommenen [Gruppe 1] werfen die britischen Ermittler fahrlässige Tötung und Unterstützung illegaler Migration vor.",NO_CRIME_FRAME,CRIME_FRAME_NEG,not germany ,,2,NO_HUMAN_CONSENSUS,0.0,NO_CRIME_FRAME
487,Tonline_added_cf36d8d32c26d67391f5d4c7a356b0a7f952de02_,5,JUDE,"Der ukrainische Botschafter Andrij Melnyk hat bestritten, dass es Beweise für den Massenmord an [Gruppe 1] durch Anhänger des ukrainischen Nationalistenführers Stepan Bandera gibt. ""Bandera war kein Massenmörder von [Gruppe 1] und [Andere Gruppe]"", sagte Melnyk in dem in der Nacht zum Donnerstag veröffentlichten Videointerview mit dem Journalisten Tilo Jung. Das würde er auch immer wieder bestätigen, sagte Melnyk.

Er warf deutschen, polnischen und israelischen Historikern vor, dabei mitgespielt zu haben. ""Ich bin dagegen, dass man all die Verbrechen Bandera in die Schuhe schiebt"", sagte der Diplomat. Zuvor hatte Jung Melnyk mit einem Zitat eines ukrainischen Flugblatts und Opferzahlen konfrontiert. ""Es gibt keine Belege, dass Bandera-Truppen Hunderttausende [Gruppe 1] ermordet haben"", zeigte sich Melnyk überzeugt.

Auch den Vorwurf der Zusammenarbeit mit den Nazis ließ er nicht gelten. ""Was heißt kollaboriert? Kollaborateure gab es in ganz Europa – in Frankreich, in Belgien, in jedem Staat"", sagte Melnyk über die Kooperation ukrainischer Nationalisten mit Nazi-Deutschland. Bandera habe lediglich versucht, den Kampf zwischen Nazi-Deutschland und der Sowjetunion für eine ukrainische Unabhängigkeit auszunutzen. Melnyk wurde für seine Haltung in sozialen Netzwerken heftig kritisiert.",NO_CRIME_FRAME,CRIME_FRAME_NEG,,,2,NO_HUMAN_CONSENSUS,0.0,NO_CRIME_FRAME
492,Tagesspiegel_added_5bd5b34ec7396be8c950752d490b943a5f2ecf75_,9,REFUG,"Welche Rolle spielt Libyens Küstenwache?

Die Rolle der libyschen Küstenwache ist zwielichtig. Sie erhält Geld und Ausbildungshilfe von der EU, um die [Gruppe 1] aufzuhalten. Nach Medienberichten unterstützt die europäische Grenzschutzagentur Frontex die libysche Küstenwache aber bei illegalen „Pushbacks“, der erzwungenen Rückkehr von Flüchtlingsbooten in libysche Gewässer – ein Skandal, sagen Menschenrechtsgruppen.

Darüber hinaus wird der Küstenwache vorgeworfen, mit den Menschenschmugglern gemeinsame Sache zu machen.",NO_CRIME_FRAME,CRIME_FRAME_NEG,,,2,NO_HUMAN_CONSENSUS,0.0,NO_CRIME_FRAME
542,632712ab3dd49b919c1d886f,11,ITA,"Er habe in die Unternehmenskasse gegriffen, um sein Privatvergnügen zu finanzieren – Untreue, ganz klar

Als er den Vorstandskollegen – darunter auch der Mit­angeklagte Heidkamp – Wochen später bei einem [Gruppe 1] in Heidelberg davon erzählte, muss allen klar gewesen sein: Nein, eine Spende kriegen wir nicht durch; aber lasst uns eine Sponsoringvereinbarung daraus machen, dann gäbe es wenigstens eine Gegenleistung. Eine Werbekampagne für die EWE-Telefontochter mit Fotos von Klitschko (Slogan „Ein unschlagbares Angebot“), Imagefilmchen, Eintrag ins Goldene Buch der Stadt.

Das ging hin und her, Skeptiker aus Brückmanns EWE wurden abgekanzelt, die Klitschko-Stiftung wollte nicht länger auf das Geld warten, distanzierte sich von dem Sponsoringgerede und drängelte – da ließ Brückmann, Monate nach der Gala, eine Zahlungsanweisung ausstellen und bat „überfallartig“, wie es der Vorsitzende Richter sagte, den Vorstandskollegen Heidkamp darum, ebenfalls zu unterschreiben. Solche Beträge benötigen immer zwei Unterschriften. Heidkamp will sich versichert haben, dass die Spende nun klar gehe, Brückmann bejahte.",NO_CRIME_FRAME,CRIME_FRAME_NEG,,,2,NO_HUMAN_CONSENSUS,0.0,NO_CRIME_FRAME
563,632712773dd49b919c081095,12,TUR,"Besiktas-Trainer Valérien Ismaël (46) war als Spieler für den FC Bayern München, Werder Bremen und Hannover 96 in der 1. Bundesliga aktiv. © Peter Steffen/dpa

""Es ist unmöglich zu sagen, dass das, was passiert ist, normal ist. Es sind sehr falsche Dinge passiert. Ich weiß, dass die [Gruppe 1] mit ihren Emotionen handeln, ich liebe das, aber diese Situation ist inakzeptabel"", erklärte Weghorst laut GazeteFutbol im Interview nach dem Match.

Zudem kritisierte der ehemalige Torjäger des VfL Wolfsburg, der vor der Saison vom FC Burnley zu Besiktas wechselte, den Platzverweis gegen de Souza: ""Ich hoffe, dass er dafür keine Strafe erhält. Er hat nur seine Mannschaftskameraden geschützt. Was heute passiert ist, hatte nichts mit Fußball zu tun.""",NO_CRIME_FRAME,CRIME_FRAME_NEG,,,2,NO_HUMAN_CONSENSUS,0.0,NO_CRIME_FRAME
,,,,,,,,,,,,
,,,,,,,,,,,,
,,,,,,,,,,,,
,,,,,,,,,,,,
,,,,,,,,,,,,
,,,,,,,,,,,,
,,,,,,,,,,,,
,,,,,,,,,,,,
,,,,,,,,,,,,
,,,,,,,,,,,,
,,,,,,,,,,,,
,,,,,,,,,,,,
,,,,,,,,,,,,
,,,,,,,,,,,,
,,,,,,,,,,,,
,,,,,,,,,,,,
,,,,,,,,,,,,
,,,,,,,,,,,,
,,,,,,,,,,,,
,,,,,,,,,,,,
,,,,,,,,,,,,
,,,,,,,,,,,,
,,,,,,,,,,,,
,,,,,,,,,,,,
,,,,,,,,,,,,
,,,,,,,,,,,,
,,,,,,,,,,,,
,,,,,,,,,,,,
,,,,,,,,,,,,
,,,,,,,,,,,,
,,,,,,,,,,,,
,,,,,,,,,,,,
,,,,,,,,,,,,
,,,,,,,,,,,,
,,,,,,,,,,,,
,,,,,,,,,,,,
,,,,,,,,,,,,
,,,,,,,,,,,,
,,,,,,,,,,,,
,,,,,,,,,,,,
,,,,,,,,,,,,
,,,,,,,,,,,,
,,,,,,,,,,,,
,,,,,,,,,,,,
,,,,,,,,,,,,
,,,,,,,,,,,,
,,,,,,,,,,,,
,,,,,,,,,,,,
,,,,,,,,,,,,
,,,,,,,,,,,,